,logFC,logCPM,LR,PValue
Gm35065,-5.99993591905442,-0.589948918016684,18.2890156950149,1.8979841055724e-05
Iqcm,-5.34408873374545,-0.906136959016738,12.0308722956263,0.000523265825150147
LOC118567856,-5.31221378848303,2.66314742941764,9.47964912778789,0.00207763699701919
Klk6,-5.0483453600283,1.07852680577802,17.0573783084713,3.62671874731444e-05
Kcnj13,-4.56839249874537,0.428285136405854,15.2543574024706,9.39597340924856e-05
Gbp6,-4.47501049469502,-0.560123016748252,13.3029120947181,0.000264994217476824
Psd4,-4.42979226111708,-0.282319122644773,11.3169536438619,0.000768026118703081
Liph,-4.31373345420465,-0.260597698910365,10.0455572307845,0.0015271580092342
1700028J19Rik,-4.30871119969737,-0.634970466378197,11.7168518211692,0.000619366460093517
Cass4,-3.97790416008725,-0.515395119035622,10.0622800112909,0.00151335824274751
Slfn8,-3.97595042260517,0.286445834400306,15.0668004490613,0.00010377245968828
Ccr9,-3.96508592885532,-0.600940245389593,8.65910292002808,0.0032543147166108
Gm34590,-3.94057338015504,-0.319747855944548,10.0242199075432,0.00154495095645719
H2-DMb1,-3.8334385391558,-0.377487786267734,10.0154405853143,0.00155233276554527
Zfp820,-3.80767918267008,-0.260130414116146,8.76106248378004,0.00307729723636673
LOC115487808,-3.76286157268959,0.227360257646587,6.50757890169173,0.0107415660729322
Lbp,-3.73601743495242,1.06838826904538,14.4999409398178,0.000140163936959966
Olfr316,-3.68634037842916,0.629977935097803,5.52816904983631,0.0187126773169302
Gm51806,-3.67116562524943,-0.374563895041386,3.98294478856217,0.0459631409096034
Zfp934,-3.66484726978537,0.134901724758668,11.1651038547508,0.000833503031519678
Gm52797,-3.59927340413531,-0.734378327769316,8.07925702081427,0.00447747993195095
9430065F17Rik,-3.56463406026122,-0.503379868737361,4.02876382165708,0.0447307053634935
3110053B16Rik,-3.53288330517831,2.50021568935689,8.18767532438971,0.00421759340563745
LOC118567548,-3.53003473322854,-0.338662040957725,8.22871438759513,0.0041232727905353
Bdh2,-3.47507812406917,0.424000648919714,12.0537598706568,0.000516880221833602
LOC118567721,-3.44610441908891,-0.6575373234362,4.55067742763552,0.0329057250110736
Gm34969,-3.44587907132677,0.282902086320925,8.00183877028977,0.00467298720694964
Klf14,-3.44245001059011,-0.693749729957074,5.33109284365497,0.0209482459723339
Gadl1,-3.43442946782547,-0.625162601799775,4.35446355138854,0.0369120828070287
Gm45994,-3.39490263878706,0.575238368832236,8.20934259899055,0.0041675247361005
Mkrn3,-3.37985539075033,0.00875039181612011,6.00111520990623,0.0142968384785357
Ttk,-3.36359660127673,-0.264266633241511,6.93459752349152,0.00845440852702209
Gm32746,-3.30983319017529,-0.798131256801877,6.28817125686653,0.012154639773188
Slitrk6,-3.26657722785192,-0.204586145998199,3.98236045690569,0.0459790872577276
Epyc,-3.26446751701959,0.0457889759947795,9.07077998881662,0.00259726260418478
Gm38847,-3.24832050176807,-0.515817445025989,6.92480095618935,0.0085008453303183
Ifi203,-3.15959536716028,-0.184989741150507,7.95011459996705,0.00480843316166984
P2ry10b,-3.15878428770086,-0.583075609180483,7.5268582580399,0.00607858209443296
S100a8,-3.14681780824495,-0.233678090721928,5.18830942856189,0.0227393260528579
Impg2,-3.1030741574673,-0.335780309930007,5.87319028822639,0.0153731674860112
Gm27151,-3.08814972422194,-0.0709687808366648,7.683113418426,0.0055739919524205
Gm35025,-3.07005449858566,0.383026791755434,6.09660592048591,0.0135441776864132
Gm20515,-3.05997669387394,0.716697925006758,5.06701736725353,0.0243853071152986
Mlf1,-3.05282237049885,0.348927118973681,9.60869536504812,0.00193658176238455
Gm52150,-3.04591769993155,-0.0211955428721218,5.58388701652608,0.0181264481561589
Loxl2,-3.02015644942125,0.0525845068650789,8.55240348985714,0.00345066327425625
Gpr35,-3.01323322431393,0.576175767972531,6.71342042597615,0.00956900098455627
Agt,-2.9872100393223,1.96813519874873,19.5639163160084,9.72894492454857e-06
Rbm46,-2.98390870512727,-0.336101075699132,5.2572523454044,0.0218554966239492
LOC115486415,-2.95127327219822,-0.0154756519354888,6.41722780496432,0.0113018451661067
Rad54b,-2.95104448656206,0.523069429454071,8.42783452768256,0.00369520150155779
Chst9,-2.93801178244713,0.135300341528539,6.103438807703,0.0134919084836638
Slc6a12,-2.90871635944415,-0.0158989586477558,6.98735317851256,0.0082087655040014
Samd11,-2.90765671134129,-0.379378233395802,4.63790466002256,0.0312731634043121
Rgs22,-2.90036828081235,-0.807438415163022,4.08599463741156,0.0432399948388282
Serpind1,-2.81572791870975,1.50891833403577,5.00240796307748,0.0253120795619842
Gm42456,-2.80939381055519,-0.315489761866042,6.15203777070226,0.0131260774645236
Sphk1,-2.7831425423493,0.126418964627958,7.00209178042418,0.00814145268996459
Uevld,-2.75902847116185,2.56112912167793,24.9577884506294,5.85993258132838e-07
Rasa4,-2.72065892790264,-0.348421905400386,6.29668201349087,0.0120964178521531
Zfp473,-2.71307782829628,-0.517747159840468,6.95250968077192,0.00837017295753473
Scn5a,-2.6876455202354,-0.361289277226311,5.1941909415956,0.0226625019089792
Cutal,-2.68000476930913,-0.450401108532921,5.42458125782151,0.0198551962811509
AI506816,-2.67851651812576,1.93456015426116,6.46969259225798,0.0109729511137219
Nuf2,-2.62958977897373,1.72940950358498,6.06891720154499,0.0137581278051822
Spint1,-2.61962864131737,0.307177452495601,7.48144346122467,0.00623380768566557
Ttc25,-2.58608648802057,0.538767634993137,9.8742292593609,0.00167609793061432
Gm15743,-2.58354906914689,0.13681363305939,5.68632762691115,0.0170975984743065
Fbxw10,-2.58318302995806,-0.538979575715087,5.58959470393383,0.0180674761594037
3110045C21Rik,-2.56528468147833,0.637190368526746,4.95673048803073,0.0259893013483586
Tdrd6,-2.56056420978099,0.771371916859565,5.58812118418509,0.0180826816144925
Nthl1,-2.55133291502878,-0.507547601458604,5.13557410107482,0.0234403334852961
Mdh1b,-2.52893645252211,0.167309999888951,5.32336509122535,0.0210413395910418
Gm13293,-2.52647759714221,0.177611659486612,4.83094278192083,0.0279533407803581
Coch,-2.52202751579821,5.26406554537934,5.80078347194644,0.0160190350808994
Zfp607a,-2.47274662659729,-0.611994850537589,4.40692211823147,0.0357933669271037
Six3,-2.46416125169935,0.094161616750297,7.73987880803923,0.00540144259130795
A330035P11Rik,-2.457200106307,-0.250354072191688,4.42522786787791,0.0354113845741515
Irf7,-2.43716706837148,-0.59888843585701,4.07434407876116,0.043539167034161
Gm40578,-2.42562949328091,2.5854033723124,23.3088445002302,1.37964127497937e-06
Itgb4,-2.39941364763141,0.681479241937526,7.18744681412657,0.00734153698830821
2900076A07Rik,-2.38500270066701,0.327360814009251,5.15715123131799,0.0231508403536601
Gm3279,-2.3686756840613,0.620418210798344,7.10662074213334,0.00767997529651202
Fam180a,-2.35782360704629,0.709785250853614,6.30777663283,0.0120209495747663
Gm33852,-2.35474922227827,0.168355066196792,6.38448919577852,0.0115121886844276
Elf4,-2.35223302783709,0.991155848423697,10.6889849371319,0.0010777532555258
Depdc7,-2.35006390512454,0.747449673900098,9.45948466163503,0.00210060079415634
Il15,-2.34966927422708,-0.189262379146897,4.99041085630152,0.0254881563280965
Gm30732,-2.34349420485517,-0.13505946669861,4.6795549287048,0.0305236557152886
Gm38882,-2.32624415494045,-0.165157849764922,4.62537891942673,0.031502302332383
Runx1,-2.32299618884129,0.27052560922296,4.36334051804704,0.0367202322227371
Gm46637,-2.28688876563072,0.251706145765041,4.89331806799285,0.02696082326047
Gm16892,-2.27957243365791,-0.212701042152733,4.08810246052715,0.0431860998919819
Trim34a,-2.27507446746284,-0.104849171643145,4.39566275762462,0.0360304530283931
Rilp,-2.25839037272521,0.0888032067067312,5.97874689584464,0.0144792862709254
Gm13861,-2.2529272292683,-0.263641396790182,3.88558310443273,0.0487023477679791
Oscar,-2.25074444076709,-0.262858892974154,3.88972740275826,0.0485823083933474
Mc5r,-2.22655273171778,0.153525737310458,4.38752605661602,0.0362028085438019
Smco3,-2.22464221002462,1.29604083207713,8.25695080783075,0.00405962581842556
Gm15477,-2.19972130953236,0.664226198171183,4.99258083070822,0.0254562144974783
Aox3,-2.19773319736479,1.52873421278753,11.8634431789952,0.000572466053083912
Unc45b,-2.16771235930803,0.110454835295166,5.50717544845565,0.0189386077164436
Ankrd7,-2.15822572165804,-0.0363376497453609,5.20265346351638,0.0225524363245288
6330418K02Rik,-2.10466297300011,0.418925712120893,5.20385695459301,0.0225368284820369
Ctxn3,-2.10240829988488,1.54546244055114,8.68097975178532,0.00321548080796457
Il17rc,-2.09846312768678,-0.21188154333429,4.38789703377686,0.0361949315818169
Lrig3,-2.07468534799171,0.797765736557268,5.58997115705639,0.0180635936049267
Itprip,-2.06394914297513,0.258579072829757,4.13321425955176,0.0420494107286372
Nphp3,-2.05936694744707,2.3085354900737,13.4184858817323,0.000249156726384462
Ftl1,-2.05798100121854,2.6316249425414,11.4112754652422,0.000729996971540433
Spi1,-2.02424459734333,0.278013955132805,4.03822024874613,0.0444807079270614
Gm51909,-1.99879062945486,0.738454975696908,4.48696966948762,0.0341541682907419
Arhgap36,-1.99715724322506,0.863014714368367,5.7532701901418,0.0164579922348471
Cd209a,-1.98800251401762,0.951616653072626,4.22874731556243,0.0397447641703771
Ace2,-1.95253752466786,1.57321851360236,10.1244539887933,0.0014631499612584
Arntl2,-1.93222482985625,0.22902398286724,4.27155233242353,0.0387555100299726
Shcbp1,-1.92128392139342,0.683865149620067,6.14245511958718,0.0131973953418872
Ggt5,-1.92014036641254,0.46642537294691,4.82748576898664,0.0280094484666233
BC028528,-1.91935734677384,0.563205788925103,5.14483473513439,0.0233156296044118
A830029E22Rik,-1.91026847087387,1.21850270632195,9.25640724575291,0.00234672940174173
Gm30502,-1.90307666062565,0.11470334981325,3.87892463671332,0.0488958660615365
2810407A14Rik,-1.89391670677927,1.4450380615646,6.74233442231308,0.00941513440867234
Abcg3,-1.8908037525793,0.324491764798433,3.88812040702894,0.0486288178204059
Iqub,-1.87330858183882,0.510131972245505,3.84624998188109,0.0498573455957795
AU020206,-1.87011320543154,0.773244934306045,7.23290778488387,0.00715791775315009
Hba-a1,-1.8677574261608,0.95326247975858,7.4539448590205,0.00632975719556091
Gm46594,-1.8561767970402,0.774211833534599,5.94349065174105,0.0147717349826318
Ccdc122,-1.85031247382043,0.684668048382596,4.79490145178472,0.0285440894881231
Gm6195,-1.84624901930191,0.224030766958576,4.22030222447033,0.0399430456290953
LOC118568202,-1.82877669431951,0.630105916619972,6.51751783122801,0.0106816983275439
Ceacam1,-1.82498960781137,0.998117999636115,5.87600969130815,0.0153485680609034
2700046G09Rik,-1.82494134302457,1.03760030183881,5.64665219813894,0.0174887295157485
Rreb1,-1.80771551822054,2.17397314262129,11.0545427250715,0.000884701630772212
Gm41077,-1.80296546375508,0.129459567775285,4.27544771727575,0.0386667760515001
Gbp2,-1.79813065494572,2.2959637774667,9.22263229195772,0.00239041621472017
Klhl6,-1.78780981026043,0.886914169234879,6.11819377785273,0.0133797445387267
Bco2,-1.76164083778041,2.03971976703489,4.39822615888524,0.0359763318978985
Nts,-1.74662308754294,1.53016414799988,4.6227011349821,0.0315515150564171
Cd160,-1.72974142398095,0.358604436528525,5.05868551451796,0.02450281589389
Cd6,-1.70575686377519,0.361166738882758,4.69239390535446,0.0302964102276742
Trim68,-1.69932449975608,1.20699533482253,4.54996010553422,0.0329195134215932
4930523C07Rik,-1.68811815274058,1.48354855208945,8.08132489034571,0.00447237362593117
Zfp825,-1.66897207534212,1.62654194347536,8.94405985181375,0.00278373329021426
Ppic,-1.64834951825441,1.20076400241222,6.64040609386419,0.00996912073302956
Adora2a,-1.62018377769969,0.666623675884486,4.68003704887867,0.0305150903256379
Lin28b,-1.61071170297292,0.278118388422577,4.24423775757203,0.03938374541299
Pde3a,-1.60963904013088,2.65553238080442,10.1565230701429,0.00143791551693182
H2bc6,-1.6049327800421,1.25982661013576,5.11021656899484,0.0237853509641128
Marchf3,-1.58900482750007,1.47552237256859,5.38846920750588,0.0202702456382804
3632454L22Rik,-1.54992119866079,0.781951057657176,4.2949003944122,0.0382268352128169
Gbp5,-1.54714367935911,0.907246703734292,5.58873188291126,0.0180763781268412
Rdm1,-1.53761306106914,1.2867257255593,4.71891056213229,0.029832638271741
Icosl,-1.52739776035589,1.86336498318851,4.07145835530457,0.0436136048528224
Snhg5,-1.52389148094043,1.51244738020602,6.26344421394207,0.0123254354828786
Gstm6,-1.5115797206129,0.642430505213159,4.02362621604456,0.0448671468636672
Col5a2,-1.50848585066986,1.2259687117398,4.53104565572507,0.033285273830918
Serpinb6b,-1.50044471801481,1.19652533681516,4.66379684026802,0.0308049995981516
St18,-1.49842777199369,1.72090286909032,4.26590574356027,0.0388845144056978
Ttc12,-1.44046821027205,1.24672040311763,4.24395819557121,0.039390230283969
Cyba,-1.43361025827888,0.7950435498212,3.8598474622938,0.0494548243596713
LOC118567529,-1.42096452904775,2.38516293845271,6.28282816365422,0.0121913387681741
Rhoj,-1.3950148503766,1.88072624784015,4.57102700272807,0.0325170658567782
Gm12371,-1.39364971472674,3.15802290140609,9.66304987821892,0.00188011231101931
Mxra8,-1.38692479229598,1.41711296680281,4.9397927274312,0.026245183713201
Gm765,-1.37810385820738,2.60299902820078,4.49648128706613,0.0339646754957789
Adamts4,-1.35164931728149,3.67662682855187,6.70195772160087,0.00963071095408676
Fmo1,-1.34503822686186,3.76373610416888,17.4202588310674,2.99615538712847e-05
Samd9l,-1.3380331010839,2.45232104749908,7.88116938792523,0.00499521698158283
Slc2a5,-1.33772507036073,2.42658283552975,8.69587403081355,0.00318931149489968
Mpc1,-1.32517889266565,2.75801359833561,14.4863158706873,0.000141181416844595
Hapln2,-1.32003130857824,1.87405689162667,4.71991643151934,0.0298151921045948
Ddit4l,-1.31234879129247,4.86159949871267,26.2199363550584,3.04660963842944e-07
Pisd-ps3,-1.30837254356349,2.94900428688507,12.6935622890502,0.000366916601468877
C030005K06Rik,-1.30685629597342,1.04068805471671,4.27011887422748,0.0387882168648252
Creb5,-1.30665182945858,2.53253087485533,10.4633012228291,0.00121769473970904
Fut10,-1.30313876299449,2.70465531612632,6.50082151176563,0.0107824660675318
Carns1,-1.29641148064503,1.63638424555473,4.41316844968698,0.0356625437520564
Ikzf1,-1.29357778108923,2.55286184104039,12.1191154524426,0.000499075716225099
Gm31096,-1.29033416070077,1.30168912654756,4.8397344872537,0.0278111767138166
Hells,-1.28293876087322,1.17374464552588,4.17613554123501,0.0409970810291019
Carnmt1,-1.27892599319139,1.7230615129114,6.26597043606901,0.0123078737512287
Ecm2,-1.26932558322206,2.81872720530753,8.68721863392453,0.00320449260929052
Lama3,-1.26394007815134,1.42360739511801,4.28236908705781,0.0385096374718861
Arhgef5,-1.21764431594125,2.02986161513499,4.6538769564384,0.0309834941719184
Lpar6,-1.18987456269674,1.34169024881497,4.24815650483659,0.0392929618200665
Anpep,-1.18915774333384,2.07698845388269,5.18988707820678,0.0227186923899604
Gbp9,-1.18834175055612,2.40579319069061,7.81990064673973,0.00516740364546512
Layn,-1.18733528114371,3.16198397073824,8.92018219541032,0.00282036374262546
Casp6,-1.18543624202879,1.48523396098013,5.16048025197574,0.0231065071599891
Oasl2,-1.18459944432873,1.77538467880446,3.84505781846521,0.0498928014240453
H2bc4,-1.18352394207158,3.55643769204792,17.4057569533658,3.01910164422783e-05
Dnajc24,-1.16576258917067,2.3231936686611,8.70436190698543,0.00317449517552056
Slx1b,-1.14919736055339,1.84596311524851,4.70413489088288,0.0300901422956867
Gm19522,-1.14780735815466,1.86092048240081,5.18338220939743,0.0228038929919878
Chchd5,-1.14275170456995,2.12620363100459,7.31042027993665,0.00685558910937083
Gbp3,-1.14003724296357,2.06250208081097,6.5202306546243,0.010665417001385
Ell3,-1.1364685751894,2.60719222087205,6.83473428888474,0.0089401991516217
Wdfy1,-1.13225241113368,5.88772966409852,4.22618705354481,0.039804766977694
Atf5,-1.12651232468211,3.36266628918543,11.2705532966481,0.000787462545735983
Mmrn2,-1.12330970109257,2.81791303484435,8.60853772285925,0.00334590822990586
Slc19a3,-1.09512511804158,2.65400642816155,5.15735418520608,0.0231481350561111
Hbb-bs,-1.09368479219612,4.68106183989815,17.7428369699928,2.52867804909775e-05
Rmdn1,-1.09051677229624,2.91416407864284,9.47585437876752,0.00208193902168552
Chst3,-1.07991501148471,1.85776057704678,4.57438591118583,0.0324533758841606
Pop4,-1.07817427703878,4.30786058724757,17.5687656809566,2.77102572789268e-05
Cep128,-1.07315955986335,2.47749665517127,8.28565086537262,0.00399595791339261
Hspa1a,-1.07286270063786,2.8727352752544,7.40061831484626,0.00652014620981168
Tnfrsf1b,-1.07269749231377,2.53576654564312,7.69543291955402,0.00553607294252324
Stat4,-1.05957954867337,1.87250546361889,4.69383992230689,0.0302709269439802
Havcr2,-1.05614680659095,2.16371147117535,6.61321485029996,0.0101224756952746
Fli1,-1.0487661900278,2.4629483234348,3.94742285877888,0.0469432082202585
Cd33,-1.04436396631992,2.4695330197287,7.12199928553058,0.00761437474076328
H2aj,-1.04213527099663,3.60672711386935,11.6589931222686,0.000638929125141159
Aif1l,-1.03458967429371,3.57542431662392,9.78367193758586,0.00176068351508073
Nphp4,-1.03314347206721,1.61905677090902,3.88837785978395,0.0486213635010192
Phgdh,-1.03189199331286,2.15512457163643,4.95555666979431,0.0260069505914201
Prdx6b,-1.03049169164645,1.51349790217882,3.99003549414579,0.045770100059667
Patj,-1.02526480563209,1.88661355311544,3.93617439512362,0.0472581326382439
Acp1,-1.02159743230869,3.84477732421818,9.20398361687524,0.00241489037626509
Enpp1,-1.02090433987048,3.20174227341903,4.95743718996233,0.0259786815532768
Olfr287,-1.0157258573655,2.50153853145926,4.38864922902651,0.0361789657177296
Trmt11,-1.00999358654672,2.67562870467901,5.55112289606136,0.0184688349493208
Lpar1,-0.991136031992888,4.78578603682309,4.64209994055471,0.0311968064842801
Bicc1,-0.981724011147057,2.81832092778992,6.64950738507922,0.00991832426823625
Dkkl1,-0.980836933942794,3.85356289760652,9.38953773946464,0.00218227223753019
Rnf122,-0.979116707778177,1.67710335485514,4.011980668829,0.0451780475808111
Igsf10,-0.975827493547278,2.60263998753636,4.43855271663631,0.0351360210616982
Palld,-0.97442991414219,3.30733980319714,10.406219703719,0.00125591581253951
Vstm4,-0.967875736807712,2.44971154097169,5.44798641545644,0.0195908944453367
Kcnj11,-0.967869367838826,4.30115076436617,8.84659885139041,0.0029363555743829
Edn3,-0.967428964867295,3.29391705209359,7.97458213200209,0.00474387053639176
Snhg18,-0.966419959288397,1.95718178926561,3.96949072109843,0.0463317832868646
Fabp7,-0.964978958462257,5.63516120497773,12.3738192227517,0.000435396066668803
Parp12,-0.9642582532064,2.4912392663877,6.80910480331779,0.00906942211175136
Tmem100,-0.962302994185202,4.26390499811111,16.5516749301376,4.73421520486248e-05
2810029C07Rik,-0.96106294187195,1.84389208609813,3.99295641497389,0.0456908280741547
Cybrd1,-0.954699217462662,2.83905196580727,5.84378820966324,0.015632135479647
Paqr5,-0.951014003088747,2.24194930160655,3.97568614739821,0.0461616426124163
Casq2,-0.949567239674445,1.92768246382248,4.25507563962225,0.0391332053369901
Rtkn2,-0.947652483944221,2.1052899972627,4.45620213349344,0.0347747318842941
Pros1,-0.946855452415367,4.6985899157519,17.8383885079912,2.40482230266788e-05
Slc38a11,-0.94397570209072,2.94240877211173,6.74285376521609,0.00941239400174623
Tmem254a,-0.943219381750894,5.18423267655661,6.37553437348165,0.0115704197643358
Slc2a12,-0.940177684516584,2.33514660041446,5.31698239038538,0.0211185526701158
Clec14a,-0.933983494454656,1.76635832745228,3.91265931600558,0.0479237075068092
Gng11,-0.927079756589998,3.59578989596326,7.0261408365337,0.00803282785295416
Pde7b,-0.922980891281911,5.35909972644623,8.56268664540997,0.00343122690314458
A530058N18Rik,-0.920187430573739,2.32901514138127,3.96369044188146,0.0464916714581162
Bmp6,-0.918670112617486,3.39828709721787,5.68336063442372,0.0171265331801132
Col4a1,-0.912742295952667,3.37669463823258,5.50765743948461,0.0189333891072106
Phldb1,-0.908822669958293,3.47913776721411,7.07656377945519,0.00780986330834716
Gpr62,-0.9075745580339,2.80964393211023,7.31123686840959,0.0068524744987468
Olig2,-0.904158861728727,3.44702396505948,6.73033228677205,0.0094786940581829
Tcf7l2,-0.901956530091937,2.27741221993044,3.89430541652952,0.0484500694511887
Aif1,-0.90142772897438,2.7803331583485,5.73759797706012,0.0166054865935631
Prelp,-0.901346513147005,4.26078332899006,9.58643970287553,0.00196019673621537
Nid1,-0.898940279782605,3.78192568533758,6.0655531514067,0.013784357534245
Cdr1,-0.898763867517919,3.72091129643459,6.60457849096398,0.010171687928525
Neu4,-0.898511589779432,2.76108618556384,6.70092369929031,0.00963629766927287
Fcgrt,-0.892959192816446,3.25573730078835,4.71991922405136,0.0298151436846962
Tm4sf1,-0.890153485408753,4.22477536334685,6.59873939840357,0.0102050995128377
Dhrs4,-0.885531301075967,2.57598234387554,5.2954182808305,0.021381595296354
E430024I08Rik,-0.884632873992364,2.69279367324533,5.73560796242867,0.0166243123075862
Qtrt2,-0.882273108288084,3.32882857099815,9.29724554965716,0.00229498656614869
Gm5089,-0.870318993252194,2.23167457573538,4.03617894033551,0.0445345487710157
Casp8,-0.865354312484844,2.29266730715319,4.4071304532456,0.0357889954730975
2500004C02Rik,-0.861747783764665,3.06922596980545,5.26696137473713,0.0217339187076459
Atp5l,-0.858141477018022,2.37739000631263,4.33187908830689,0.0374049301545271
Gm1943,-0.855014038728069,2.74022903872257,5.35521080800999,0.0206604364403092
Lcat,-0.854186836045,3.86847419272886,4.30299235938303,0.0380453759328262
Pantr1,-0.853291771570236,6.40834538000684,23.0993606909264,1.53841842532138e-06
Spata33,-0.844381883505089,2.20305682779674,4.38003050483336,0.0363623466511305
Zfp52,-0.841723103350473,2.16462118798479,3.94438997256971,0.0470279017379081
Heph,-0.838724562091663,2.70685948202714,5.44899852521892,0.019579547619164
Thbd,-0.837128123886401,3.96806574955767,8.40914105483528,0.00373339009304944
Tgm2,-0.836259462289631,3.4866396169649,8.28342475842871,0.00400085973439567
TrnP,-0.836119938891252,5.9842132358154,8.11202957057503,0.00439724669914372
Cyyr1,-0.830359682993538,2.84213080703718,4.8431585963523,0.0277560117405503
Arsg,-0.830068311187114,3.45369690908231,4.43705531979478,0.0351668533697775
Inhbb,-0.827372670671981,2.98505966722167,6.2187614287966,0.0126403509536398
Pik3cg,-0.821926587537153,2.30891587565073,4.18279786099575,0.0408362329893012
Spag1,-0.820031853205222,2.83243735109923,4.63447812547893,0.0313356732484482
Stom,-0.814484487722665,4.28327954979383,8.48099143786371,0.00358876466557502
Rflnb,-0.813586422853035,3.50666341525244,6.67377251252382,0.0097841871497158
Fgf2,-0.813429331136779,2.96530915860086,5.60465497192061,0.0179128220216025
Sod3,-0.807498862840444,3.03119404754531,4.56083283414031,0.0327111628984936
Aldh1a2,-0.806881272053939,3.41718731390705,4.14314099601447,0.0418035331776511
Ankrd54,-0.805133027448492,2.45200130920252,3.95059405665894,0.0468548243199795
Cldn5,-0.803066861823509,3.50674693903561,6.23390460859282,0.0125327090458052
Tmem170,-0.799819592352461,2.40720020352217,4.0721793065043,0.0435949952334457
Gas1,-0.795120230804753,3.46764019065855,6.48354476259676,0.0108877637757898
Zfp36l1,-0.79145371008952,4.44052707533769,8.16381993494117,0.00427342693963786
Nde1,-0.790829369538805,3.80938525938787,5.51215287446015,0.0188847876651766
Slc25a40,-0.789543645249671,3.23234169304419,5.67509850992297,0.017207373589189
Rbm41,-0.786605716487755,3.3514965822043,6.37316517668395,0.0115858766084232
Abca9,-0.786368881888113,4.06349589333475,9.87337937154655,0.0016768723211731
Eci1,-0.784095863134121,3.43664582687579,6.11756412805551,0.0133845113522322
Rnpc3,-0.780342328698757,2.67301962323016,4.73759585793738,0.0295102828339114
Tmem63a,-0.779003757598242,3.52380224379224,4.74230293935746,0.0294296507014975
Hps5,-0.778066224622714,3.29941417155516,4.95634564490225,0.0259950863836746
Sowahc,-0.777957151108937,3.96278322993729,7.98225948466528,0.00472379480540901
Padi2,-0.777053647008154,4.39290606259182,8.17201608669716,0.00425415950459132
Ccr5,-0.776934777388149,3.05807627391878,5.41896801469112,0.019919130004127
Zfp809,-0.775420305472151,2.76349681224061,4.41664971550168,0.0355898493228581
S100a6,-0.773985265847717,3.73772382947632,6.24769229718892,0.0124355215281301
6430584L05Rik,-0.772209804785963,3.04571645018184,4.16244117080718,0.0413297965870387
Nkain3,-0.771159051434703,3.94843134822199,7.51622827873999,0.00611455763359046
Rasgrp3,-0.770385189577047,4.15925089737331,6.54754213255426,0.0105029149978574
Elk3,-0.765837426427846,3.27078063584362,6.36205846472179,0.0116586208668888
Gstk1,-0.760908345323533,3.3723322882198,5.50049607877347,0.0190110797350696
Gm34865,-0.758630843966598,2.69604027887749,4.35803907588119,0.0368346819980549
Efemp1,-0.756090628787146,3.89546584998809,4.12296893429681,0.0423047738872021
Pnp,-0.747169001335546,3.1123761840954,5.02789578610899,0.0249421842449718
Smim11,-0.746973285678378,3.09047491886928,5.13634064003417,0.0234299850515207
Mpzl1,-0.743726435732513,4.1439745891632,8.20135920515276,0.00418590196831554
Dguok,-0.736773663561412,3.04901936254011,4.90611647466303,0.0267617460665884
Anxa3,-0.735938125912054,3.5941701544036,4.78083862367351,0.0287781025905594
Cyp2j6,-0.731573396189215,5.10390590373176,12.9935855113967,0.000312559875437495
Mdga1,-0.730433840202883,3.22379292297164,3.92307910981819,0.0476275719391909
Pcdhb18,-0.729977336577712,3.19491435138033,4.82220956378022,0.0280953078522529
Adgra2,-0.722388544942596,2.96198484229911,4.9308194137033,0.0263818049876982
Tmem243,-0.722147995661565,2.93932935495826,3.93706802815424,0.0472330322155024
Pax6,-0.71601046762305,3.4437136274296,6.24459545772417,0.0124572830827568
Fam163a,-0.715945533899059,3.07947198080019,3.90123215689794,0.0482507078229566
Apip,-0.714926531016773,3.05195756088555,5.18551948877428,0.0227758624940025
Tmem144,-0.714332916086377,3.30676249965342,4.9944602893507,0.0254285826304559
Gon7,-0.714277075750863,3.10546061418151,4.95839394755137,0.0259643112895682
Cd63,-0.713754932273453,4.60580429939627,7.0748539612014,0.00781731928253862
Suclg2,-0.708683323095803,3.67511109307823,6.75337081626904,0.00935707432755537
Itih5,-0.707704729944154,5.97052827929867,10.3652141835753,0.00128412000395546
Fcer1g,-0.704769031062353,3.10739289091934,5.31727386159177,0.0211150202897694
Pigf,-0.704621326990358,3.06132327122717,4.32094100311448,0.0376460985543494
Ggta1,-0.704521505778147,3.00181784062403,4.41214680202018,0.0356839068718642
Eya4,-0.702778999948576,2.89746069877491,3.90121807842009,0.0482511121427391
Sall1,-0.700394334648173,3.92299433147538,5.81471417735558,0.0158926360086487
Siglech,-0.696426280528701,4.3948903762364,9.14556742294926,0.00249321309638807
Ednra,-0.689594762633539,3.47036531515014,4.71665040783518,0.0298718780288129
Pld1,-0.6881554493847,3.65328178843684,6.06306534989646,0.0138037881758047
Katnbl1,-0.680378185856839,4.14324697999021,6.67584875922971,0.00977279638553763
Chsy1,-0.678303931485569,4.23150107392009,8.60327350549427,0.00335559317336237
Txnip,-0.675520212204408,4.56647829367115,6.41573861992441,0.0113113269180002
Tek,-0.67352526288573,4.72094981713986,8.14475195535452,0.00431859622331813
Mpzl3,-0.66207623942144,3.48184311791936,4.19774245705853,0.040477831920484
Gpn3,-0.661549747526698,3.13280985043031,4.53356207345723,0.0332363685160678
Krt10,-0.661396070175577,2.92799905545034,3.92556320547139,0.0475572581268824
Taf7,-0.661274816854589,3.89565222676465,4.32257614396006,0.0376099428312782
Evi2a,-0.661149594992569,3.87660267484932,4.54573146816566,0.0330009192701412
Vcpkmt,-0.660164452989762,3.76002885180623,5.55941541839749,0.0183815512296031
2810459M11Rik,-0.654162363354033,4.55939568526915,9.43250209593336,0.00213173244795128
Atp13a5,-0.653483971166058,3.79830449088328,4.40088215723055,0.0359203454987101
Plekho2,-0.651244508054112,3.32352994583467,4.71542751044903,0.0298931318270174
Hspa1l,-0.645764883850262,3.28629977297743,4.67399673378136,0.0306225843037751
Ccdc190,-0.642113222415897,4.75405049553329,5.34501496073748,0.0207816051151371
Zfp874a,-0.640452654288828,3.93777019670711,6.65047649782713,0.00991293106959922
Gab1,-0.638710131198627,4.71622965455722,6.06951107354551,0.0137535026790288
Fbxo32,-0.638293663846428,3.72908129056852,4.08329252562971,0.0433091886520093
Bok,-0.637559069134404,4.64742217923762,6.61383519137773,0.0101189502384792
Olfml3,-0.636427687225727,4.871790561809,8.0694651925468,0.00450174017201833
Msl3l2,-0.636110563523889,4.10865416585332,6.60835079031787,0.0101501622833713
Plaat3,-0.635841861173399,5.15246462189681,6.91944300852126,0.00852635291838233
Zfp40,-0.635256503512015,4.23791994537813,7.20679379423716,0.00726281223380767
Hsd11b1,-0.633661657466454,4.52358651885777,7.25376311803725,0.00707525874052221
Lamp5,-0.633458281398156,7.91453203889375,3.93540087580934,0.0472798706579509
Slc40a1,-0.632896499784552,4.58265826919088,8.89147107036313,0.00286505804719626
Rida,-0.632453252563729,5.27221029329443,7.08251525280134,0.00778396748071752
Nlgn4l,-0.630927706213721,3.71505140831919,4.0657847213845,0.0437603480683467
Ggact,-0.630615338916648,3.52799530595383,4.14781199761603,0.0416883592351782
Rpl13a,-0.628866288623623,5.67387145896496,11.4342356342821,0.000721031302337788
Rad1,-0.628204476721662,3.34856645257884,3.84844203964396,0.0497922216204753
Dpp4,-0.627404919530647,3.23040831729324,4.06790772171625,0.0437053779274473
Slc7a2,-0.624216372053546,5.44176071352369,8.41746821340428,0.00371632934354988
Heatr5a,-0.623914304519532,3.44157158902643,4.45316375209117,0.0348366505960226
Rpf1,-0.622885934669712,3.68421940645726,4.77819807061235,0.0288222650981354
Chac2,-0.619723880962902,3.80195793595772,5.56432942215873,0.0183300295577092
Pdzrn3,-0.619146527645761,5.0484498973747,7.35593840714736,0.0066841613738946
2900092D14Rik,-0.608719531532351,4.99060594288789,6.8379910081901,0.00892391441923957
Mmp14,-0.607401206876737,3.88990548691534,4.2863673690013,0.0384191681230554
Tmem258,-0.605214704302304,3.74945946771192,5.01908086516145,0.0250694728984837
Lama2,-0.604023046503086,3.97040472472742,4.22965808262505,0.0397234421457658
Tmbim1,-0.602587629165982,4.85516896280445,5.64016887769118,0.0175535162336025
Zfas1,-0.600229026501436,4.06931599693637,6.06052986097935,0.0138236202656971
Scara3,-0.599612645085897,5.08725520398831,7.24263910801984,0.00711922608056581
Elmod2,-0.595570519671202,4.26053243880092,6.68990729166026,0.00969602471647419
Fuca1,-0.592183824214298,4.43287674710919,6.04081516472022,0.013978828219646
Gsta4,-0.592142716097958,5.98966192034515,9.14248335058926,0.00249741906554334
Gm19378,-0.591305002200558,4.48252983949305,5.871576494828,0.0153872661826213
Eci2,-0.59069561113873,4.74279754441084,7.8953711086662,0.00495614681963907
Ginm1,-0.590434973708138,4.08470317122662,5.13549420676494,0.0234414123476335
Pecam1,-0.586731264756062,4.91509632178109,5.87795776160393,0.0153315947459803
Il13ra1,-0.586376179494344,3.50024093894112,3.85569276945736,0.0495774487361702
Ndufa12,-0.586100480466938,4.64484872159434,4.09973597029118,0.0428899108760115
Prkd3,-0.585716777067719,4.92006673984096,5.90810106786019,0.0150714096414673
Penk,-0.580549459281315,4.92066776441956,4.9492425611567,0.0261021018720486
Fcgr3,-0.576249112469986,3.74288248225715,4.80922207889676,0.0283078213259722
Ltbp1,-0.573485084327009,4.165968630432,4.61715136163436,0.0316537651637285
Limd1,-0.572635328631876,3.83124965958712,4.24319470335886,0.0394079463686987
Ndnf,-0.572195755006715,5.31236443693102,7.15514128038686,0.00747494067089917
Foxn2,-0.569743826788692,3.94558723022107,4.95251068035891,0.0260528074501225
Cmtm5,-0.569716643003374,4.32181482838751,5.85977472897519,0.0154907765055356
Tlr3,-0.568878253167836,4.64671449827906,4.80804119998859,0.0283272267703856
Pls1,-0.568797704067113,3.87982615959618,4.51430064853173,0.0336126249436643
Ppp1r16b,-0.565868868268337,7.1025373190391,9.13600993560086,0.00250627075890642
Csf1,-0.565167551076991,4.09278398224912,5.21055245717388,0.0224501999230414
Rps24,-0.563024832772599,5.27070890661174,8.09678085596397,0.0044343946495043
Nsmce3,-0.561068391778409,4.37364426885605,6.19244995058327,0.0128296452187798
Gpr88,-0.560038026532341,5.99263781434347,10.4346194070183,0.00123675030344732
Golim4,-0.55872117960672,5.10931276721994,4.56867002303389,0.0325618356458807
Car2,-0.557296435579738,7.12231470804326,6.42673209295391,0.0112415225012655
Rnft1,-0.555494573357789,3.90745892710812,4.30710251969849,0.0379535530745525
Rbm24,-0.555287549159629,4.91039367499639,5.07117466665754,0.0243268932406938
Vamp3,-0.551706516115613,5.23706707138669,5.95432771290539,0.0146812004090853
Entpd1,-0.549390171492208,4.50523259107527,4.87506122811082,0.0272474742344064
Fabp5,-0.548136171117151,3.57045777108493,4.06937985909704,0.0436673030236473
Zfp882,-0.546954595409107,3.68777978780235,4.07821257544878,0.0434395880019154
Plek,-0.546429463402439,4.28450156059932,4.36658932518114,0.0366502796640374
Npy1r,-0.545440970096822,5.85592732039461,7.95780365176993,0.00478804813688579
Smug1,-0.541632615963179,4.09852619485765,5.2243395232145,0.0222729033980935
Decr1,-0.541458558043805,4.96220118546674,5.76250843815111,0.0163716826944895
Stk38,-0.540930175240344,4.3017425736965,5.25290013703135,0.0219102240542075
Ly6a,-0.539383976339122,4.82924881584252,5.52146237621202,0.0187845493861042
Stx5a,-0.538062800742116,4.61876459458631,6.58128715315175,0.0103056344287559
Gdf11,-0.538032675545718,4.3844069302355,4.43073332357674,0.0352973393943359
Megf10,-0.537327947022394,4.94732203414918,5.06881850879487,0.0243599815734352
Pla2g7,-0.537059394734404,7.71335186461375,7.56791202571417,0.00594165764084278
Pcna,-0.536701563660426,4.08049818177027,5.1045601752148,0.0238630284542959
Cyp2j9,-0.536379509364457,5.19637624840528,7.27503574056756,0.00699195017129321
Tspan9,-0.531436942015662,4.62043409353217,5.88736441250617,0.0152499073362405
Tgfbr2,-0.527324124817091,4.51619737897386,5.89271518117692,0.0152036413930192
mt-Rnr1,-0.525864273707676,13.0655922735983,10.5401404576482,0.0011680954245447
Atp5md,-0.523995884798861,5.42780894953536,7.58132385076724,0.00589761115506896
Rgs5,-0.523880531701392,7.44573217008511,8.68746417363877,0.00320406093503308
Sox1,-0.521713737102645,4.23520081945099,4.58054741106979,0.032336882857005
C1galt1c1,-0.521217791501253,5.23698877751256,6.85492429914865,0.00883973017008371
Disp3,-0.520874106340164,4.12188056995053,4.12485661353901,0.0422576015627942
Btg2,-0.520419515008474,4.4940947484279,5.05360967704003,0.0245746911786653
Pcp4l1,-0.517836511154332,5.93953182023218,9.12222550600059,0.00252522571641885
Fgd6,-0.517631659343928,4.76811501799485,4.19192076166159,0.0406170534564221
Sv2c,-0.516965076117958,4.53884122961389,5.94789044422835,0.014734909289059
Slc14a1,-0.514132943368707,4.44575033111206,4.60676772050181,0.0318460050363102
Cbln2,-0.51395573896705,6.75123978700075,7.67944992380713,0.00558531907853981
Golga7,-0.508274387177774,5.14459421611729,5.58410402406188,0.0181242023972549
Arhgap29,-0.504283834658587,5.06918984099067,4.42261883652702,0.0354655650563589
Ctnna1,-0.502979129486862,6.24874651912072,7.3476118974474,0.00671518979494192
Psph,-0.501420656386887,4.05261898123481,4.23885603812066,0.0395087796625564
mt-Rnr2,-0.498878353209693,13.5134471454249,10.0489454573681,0.0015243517613347
Malat1,-0.498607599812769,5.95249351820929,4.62082074679751,0.0315861210425152
Timp4,-0.496497721006976,4.66920301803598,4.16600461621608,0.0412429477964744
Tmem218,-0.496144873287572,4.46291162604633,5.03115248257046,0.0248953270071849
Sp1,-0.49587094785603,5.17259784131527,6.05074629685614,0.0139004205303164
Adhfe1,-0.495817160034533,4.20671714663766,3.87195564974742,0.0490992789391759
Dusp11,-0.494708315293625,4.86747395885165,5.09958899567573,0.0239315133599498
Fn1,-0.493878500705607,5.61126001215259,4.34911363951952,0.0370282127256094
Serf2,-0.492825739730459,4.34072146310213,4.00040593406262,0.0454893069001599
Camk2n1,-0.489464158247318,11.9201866072032,4.461471779828,0.0346676152799608
Rgs20,-0.488380251053463,5.66300329321687,6.72021024180265,0.00953263890416406
Abcd2,-0.487954420559752,6.03463280233098,5.32037668256295,0.0210774546531039
Csrp1,-0.486075419730168,7.39672471438941,6.41273342562214,0.0113304860820359
Tcea1,-0.479744920463785,4.42329701257814,4.588260935793,0.0321916612630044
Rad17,-0.475056722091185,4.21275920147605,4.14007651323768,0.0418792764164869
Rpl7,-0.473365986464746,6.12315077891439,8.18976619046547,0.00421273526416729
Fth1,-0.472413206602654,10.4717522730752,9.16561664842706,0.00246604525203367
Bud31,-0.471329122857936,5.27631891118204,5.83281424340269,0.0157299402895579
Elovl5,-0.469795841472581,7.24043180239887,8.72110309708744,0.00314547667357409
Slc7a11,-0.468410939428784,7.15459693480212,5.47857560915902,0.0192509396784339
Sema6a,-0.467728561365893,4.43284532088018,4.06035990386569,0.0439011417625239
Nol7,-0.466143668619787,5.11943156698701,5.24493479075041,0.022010753279813
Rlbp1,-0.465269688459194,4.92935329858333,5.48577762626578,0.0191717901157453
F3,-0.462605753729668,5.44679711554877,4.34862621034584,0.0370388122962158
Atp1a2,-0.461721868845806,9.98363592449419,6.56377706026663,0.0104075233232088
Mrpl42,-0.461171976354848,4.89654019590162,4.95250731154607,0.0260528582135163
Prdx6,-0.460451246233782,7.96392625456456,6.16302078669958,0.0130448245942624
Rnf13,-0.459737748235235,7.18435805147741,7.44367715288243,0.00636596914383011
Rab9,-0.457168149407839,5.07441359095817,5.25969288770143,0.0218248696692538
Gjb6,-0.456495630885556,6.2840446088914,5.62037015137195,0.0177528990866039
Rtraf,-0.455328058298151,5.1580741451654,5.33894358635401,0.0208541071451376
Coprs,-0.45411080858808,4.51438072836349,4.3682863664011,0.0366137948587191
Gpr37l1,-0.453904720861875,7.27226769320622,6.22708231725093,0.0125810867143219
Gcsh,-0.451783862323257,5.58259093128738,5.73821164121212,0.0165996857125853
Reep3,-0.449697474214868,5.46118211203208,4.26592187262842,0.038884145273532
Ccdc59,-0.448942915131663,4.38547206005395,4.22329877078891,0.0398725714632131
Tprkb,-0.448388775315503,6.43602319018549,5.64361383926522,0.0175190605378514
Podxl,-0.446448519812749,5.95602363627599,6.72682794090565,0.00949733478249153
Rassf2,-0.443793192558975,6.20701673765706,6.34613918503488,0.0117637040114072
Rab31,-0.442570427033478,6.82987856008933,6.76938081705553,0.00927350029534795
Ywhaq,-0.439661750940988,6.66720490185492,7.74160142423188,0.0053962923567804
Selenop,-0.439496257371907,8.25959205977511,5.07896353612225,0.0242178429888476
Emp2,-0.438488117065871,5.93523613758548,6.43489908437533,0.0111899514846587
Clk1,-0.437925687306117,4.92184645466076,3.9138245705218,0.0478904941454901
B2m,-0.437578479115908,6.64834817521522,6.52711761699532,0.0106241983192473
Txndc12,-0.435890816055529,5.17324628697701,4.99753990090402,0.0253833733894599
Mlc1,-0.43469454868056,7.90479843956593,7.52167812737727,0.0060960863936546
Ddx19a,-0.434541851130903,4.67986789884473,4.27316799556991,0.0387186805358671
Axl,-0.431287834505444,5.82446558962387,6.05642422111728,0.0138557959444903
Nudt19,-0.429024071241065,6.41229667267943,6.03794425041503,0.0140015791698331
Npc1,-0.42860515054524,6.22301000411422,6.42197853071021,0.0112716514227187
Rpl32,-0.427903725205556,5.3526033132312,4.21622631930132,0.0400391145516143
Marcksl1,-0.423821532738444,5.41852901964764,4.81335210030248,0.0282400612109237
Trp53inp2,-0.422328545524347,8.10561891160005,6.04513065407782,0.0139447010700071
Lifr,-0.419494865116426,5.74140329787686,5.6178403003782,0.017778543824888
Fam149b,-0.415591991505329,4.78664197538451,3.89656198826465,0.0483850267363941
Ccng1,-0.415288537247103,7.44565798362029,6.46836014069584,0.0109811813218797
Wwtr1,-0.414049535841147,5.11723002576847,4.3303948046709,0.0374375612448474
Gja1,-0.412707776705484,8.57753865098952,6.63864404057249,0.00997898593695685
Irs1,-0.411083650518156,4.7483997359051,4.00045470736178,0.0454879905954438
Lgi4,-0.406841707829198,4.9706461341203,4.13866488256345,0.0419142154655647
Gprc5b,-0.406785774388649,7.37688125691552,6.14140961656273,0.0132052004546795
Id2,-0.405493851534041,6.77496172150275,4.23047581135168,0.0397043084731609
Psat1,-0.404608736018953,7.33041529243267,5.96451605341561,0.0145966063043276
Tnfrsf19,-0.404424266763831,7.2996041197326,6.20824394522829,0.0127156707952406
Ctss,-0.398134988026236,6.5781932385123,4.01783686051202,0.0450214224634946
Slco1c1,-0.39569982563376,6.97679889381929,6.36994580762619,0.0116069140278611
Psmd10,-0.395400523150648,4.82946736829812,3.85849109878854,0.0494948217171849
Naaa,-0.393601579686823,5.37150171152063,4.48390686479852,0.0342154211619212
Atf4,-0.392247644342699,7.03310122524099,6.36078316156967,0.0116670035194913
Hopx,-0.388659437307947,6.60726612871586,4.81911689780702,0.0281457619021212
Tril,-0.388373692298131,5.91685271889076,4.86679393688405,0.0273783199346567
Atp1b2,-0.386199390465887,9.11688348544178,4.82289717958659,0.0280841028166679
Hapln4,-0.385517593357545,6.99175360997676,6.37757451246135,0.0115571266847285
Ptar1,-0.385043128336555,6.14180063034352,4.42038682425311,0.0355119849975936
Acadl,-0.384958041254055,5.52271264980688,4.01425980880356,0.0451170233898546
Ctso,-0.383572731586698,5.87921141764548,4.07188318623708,0.0436026378539993
Srsf3,-0.382988079911035,6.52240773698687,5.96474295592411,0.0145947280483187
Eif1,-0.381367137235643,6.21103809070721,5.02057183148953,0.0250478958454967
Cmtm6,-0.380734526893934,5.30859519998195,3.97176377712197,0.0462692832988722
Copz1,-0.379548766104128,7.00480189388781,5.22424711579345,0.0222740868817348
Slc1a3,-0.37910367688812,10.1556664396099,5.91159341485837,0.0150415604630198
Sft2d2,-0.377026606107838,6.20652051640715,4.65893527284383,0.0308923424089082
Lrp4,-0.376806365863364,6.17742093213884,3.87801445009974,0.048922382266234
Igdcc4,-0.374857873370811,5.81408459412979,4.20903879588082,0.0402091155202274
Npc2,-0.372902197763344,5.65818951741968,4.06697869433571,0.0437294239786164
Nrn1,-0.372637535014223,8.35714197095281,4.21002557492583,0.0401857311986657
P2ry12,-0.371007252534537,6.24453999039416,4.29377275449408,0.0382521940384654
Ccni,-0.368648625422338,7.86530871031847,6.59880020771205,0.0102047509797732
Ndufb10,-0.367870065990149,6.1770705981054,4.75349012975387,0.0292389340033005
Spcs3,-0.366283166721875,7.60561548234276,5.08334494455491,0.024156722879375
Rsrc1,-0.365282797726814,5.73294133053068,4.31577624483721,0.0377605394501023
Acot13,-0.364516311924178,5.99755207458863,4.40683782887601,0.0357951357133809
Zscan26,-0.361197180128549,5.64846490656234,4.11256539500141,0.0425657491358375
Acsbg1,-0.359476356815663,6.24647620965044,4.19984218997275,0.0404277413717833
Rhoa,-0.359249477398328,6.42331239358746,4.76413456405901,0.029058664946479
Nudt3,-0.356610941532091,7.98281288206686,6.14535412494882,0.0131757778667644
Uchl5,-0.352026249066008,5.92461104059665,3.89643809742703,0.0483885953348133
Gstm1,-0.35030354878912,6.38369102403906,4.8693075943268,0.0273384674998186
Hexb,-0.348616479145108,6.62976736267033,4.21888270026795,0.0399764762749729
Entpd5,-0.345962503647284,5.84072709208833,4.00760415660942,0.0452954729821416
Sfxn5,-0.345240448756183,7.21913474516633,4.40646507449644,0.0358029589464081
Pou6f1,-0.344287855863762,6.92541351621383,5.17787142557779,0.0228763321963703
Rpl9,-0.343576405371625,5.87726406935275,4.06798464955023,0.0437033874251636
Vcam1,-0.342372267039588,6.07391177771321,3.91197537404907,0.0479432132885827
Gna13,-0.341562546053205,6.90373235706743,4.23448140082593,0.0396107230551435
Dact3,-0.33990532568537,6.86145125992576,3.84358443089855,0.0499366578795416
Gstm5,-0.337861020438197,7.26361396863758,4.32472867236012,0.03756240225821
Tram1,-0.336007735847511,5.89570434952214,3.88195659317887,0.0488076463558999
Desi1,-0.333780049215468,6.83604667419817,3.9787049313877,0.0460789785653503
Shank2,-0.32983325266557,7.39515705134631,3.92759082036332,0.0474999464461107
Pfdn2,-0.328014568189659,6.15695484531813,3.87634636021017,0.0489710176677092
S1pr1,-0.3232093118921,8.32738075393518,3.9697874062866,0.046323620579055
Insig2,-0.320120358824213,6.34241046483985,4.04558814546293,0.0442869441217384
Atp6v0a2,-0.318917895127088,6.39202235251896,3.86085616067307,0.0494251013208349
Rasgef1b,-0.314061345868172,6.43533211232091,4.04421847657318,0.0443228968626623
Hspa5,-0.307982111211154,8.3969603662632,4.65988073668,0.0308753360229729
Arpp19,-0.306177249038634,9.42487434090501,4.26181641911603,0.0389782219517479
Cstf2t,-0.29821716338732,7.34487503010644,4.04750308681525,0.0442367298538554
Rgs7,-0.294319561158146,7.22882455133731,4.0072564794452,0.0453048152175561
Stxbp5,0.290089453497328,7.57158080265854,3.90562210174429,0.0481248072202031
Sec14l1,0.294161002805997,7.58521957669767,4.19723398228123,0.0404899717266841
Stk39,0.296875532397716,6.90329473770674,3.94952651277359,0.04688455804068
Herc1,0.297777676390667,7.6868792665084,4.10652277138617,0.0427181063080252
Atp2b3,0.300929495911294,7.53721109561913,4.25859480825199,0.0390522124664917
Nuak1,0.304384057687407,6.97024393284792,4.06311240806261,0.043829644821858
Nav3,0.305105488648342,7.08163139596001,3.86099955019109,0.0494208776331602
Abl2,0.308959728729209,6.63873534536438,3.98237939991413,0.0459785702136403
Napb,0.310184214796263,9.21956535196595,4.23430982658515,0.039614726917248
Fasn,0.310961693311891,6.67047793488447,4.13645623155741,0.0419689429087839
Samd8,0.311435778145427,7.33763536121678,4.44434440845469,0.0350170325221822
Madd,0.311464073215367,7.67142467854052,3.86399596422033,0.0493327023006388
Pi4ka,0.320036489768656,8.43429393750169,4.06363649987713,0.0438160453053017
Pkia,0.324897996742764,8.68891478623561,3.9792333829126,0.0460645239092783
Cracdl,0.328244369697677,6.96783659904892,4.86930298941272,0.027338540452605
Miga1,0.330427837777613,7.59896121210184,5.01021667645466,0.0251981532366353
Galnt16,0.331828861487876,7.32742944642261,3.85297528779,0.0496578280087529
Tnks,0.333694079271863,6.09904585957558,4.09664600771635,0.0429683723376022
Mycbp2,0.335235273487622,8.28833871849248,5.11968879219241,0.0236558586692324
Nt5dc3,0.339388057866096,7.005876116526,4.95085661501196,0.0260777443154772
Scrn1,0.33957062438665,7.14588004985947,3.95528648621094,0.0467243641931266
Dab2ip,0.341062248683546,6.08791455554938,3.96079572397872,0.0465716835575132
Agps,0.341570769697978,6.22540132929142,4.55673990763488,0.032789432230796
Ehbp1,0.34242335622698,6.03350809202718,4.15057396848005,0.0416204135957554
Macrod2,0.343310595026771,6.51275631811268,4.71716645033055,0.029862914001719
Atg13,0.346196165096242,6.47869040537919,4.55467330179838,0.0328290263562401
Supt5,0.350415067133027,6.29954464875998,4.35346418411597,0.0369337469515767
Slitrk4,0.350516887675779,6.43584466121279,4.61315740323095,0.0317275645176011
Slc7a14,0.35087326911758,7.53032359835633,4.30415074848718,0.0380194734534672
Caln1,0.352490744873823,8.13547007578361,4.58931133995071,0.0321719381552334
Plekhm3,0.352640180506035,5.92654643192602,4.06510622576311,0.0437779314652957
Scyl2,0.352994175570751,5.8294984752024,3.97793048668584,0.0461001704722714
Mvb12b,0.354986573367582,6.45385234900702,5.12430721481371,0.0235929867894025
Pcdh1,0.355635007370909,6.98751100219491,4.80122711053634,0.0284394738390886
Ncdn,0.358570090105771,8.28634757757377,5.26634290753153,0.0217416423195932
Clstn2,0.360272437846466,7.43402362702598,3.88010065699356,0.048861627868656
Ncam2,0.363068001059956,8.20341059164037,4.29167072555543,0.0382995124043529
Sst,0.363351409655489,6.8750480618933,4.66343934603523,0.0308114135517793
Raph1,0.365109773160361,6.89437818043766,4.63381005944728,0.0313478758684903
Akap9,0.365429898593776,6.26196803626748,4.75175898652874,0.0292683617509613
Rab27b,0.366460136320125,6.43683318435441,5.10862251909026,0.0238072149761348
C1ql3,0.366794207035001,7.87000924157727,4.64675373125851,0.0311123318089564
Asb1,0.367515745574369,6.09776831871457,4.99596717677267,0.0254064508185033
Pde1a,0.369144049750919,9.05050445061855,5.37119650732944,0.020471929913319
Tsr2,0.37048644892615,6.79661025081711,4.80959522013064,0.0283016923537761
Cdc42bpb,0.370525510521192,6.36395622768111,5.20747259397906,0.0224900052464652
Frmpd4,0.372951164268549,7.21522566791601,5.6312741884379,0.017642802614534
L1cam,0.373142024475114,7.27219560571785,4.14456985218551,0.0417682660957575
Dock3,0.373429643937644,8.51496709303765,7.00846814028988,0.00811250638258877
Rab11fip2,0.375396563190992,6.92908924673299,5.95223021659022,0.0146986785437844
2610002M06Rik,0.375684306015408,7.22419046772855,6.46789965200637,0.0109840271135708
Cdkl5,0.378422968660023,5.74086433184259,4.71633683859845,0.0298773263200211
Nr4a3,0.380342309979403,7.5493243212844,6.24421555383703,0.0124599553680897
Abi2,0.380775661496713,6.04143830810251,4.82447634539755,0.0280583871377011
Nol4l,0.381440201070443,6.03345066458302,4.63477083555297,0.0313303282874374
Hsdl1,0.381617165049352,5.60356830648892,4.67387330395005,0.0306247849831469
Oip5os1,0.382003066833537,6.47205797244767,4.87666554636239,0.0272221582650267
Capn5,0.383586027741735,5.75290739331589,4.34924486242732,0.0370253597123197
Cdkl2,0.384750167682951,5.79331239544034,4.80643367167207,0.0283536656217508
Tcf20,0.385662847147701,6.6749048364784,5.09231216863812,0.0240321296422823
Lnpep,0.386542313701425,5.52806194501311,4.12498831669836,0.042254312419216
Trappc2l,0.38816167348583,5.08704406223786,3.9549820926562,0.0467328153935934
Mapk8ip3,0.391080049179807,7.56787010567553,6.72378924396401,0.00951352897127386
Ppp4r3b,0.391238980268371,5.54258814331357,4.82488857842988,0.0280516782271242
Pptc7,0.394442503431298,5.67147088294525,4.60058828884139,0.0319609871862151
Chd2,0.396830937439118,5.68280170346912,4.47473866880273,0.0343994626782489
Myh10,0.397631842966211,7.70907218323222,6.34173256283312,0.0117929636152765
Dock9,0.398394278033082,6.77614711412796,4.93262857751473,0.0263542005859092
Sphkap,0.39863283756149,8.4088381895433,6.80648587101742,0.00908273392327593
Bcor,0.401172646215157,5.25650060936698,4.57290771089617,0.0324813887322586
Dctn1,0.401350790254859,6.44179031402643,5.63258445459236,0.017629620560467
Fam126b,0.401889067619465,7.40189744353425,7.03778999047716,0.00798074496889075
Bmp3,0.405325926976562,6.46625436074032,5.0844750436757,0.0241409841141692
Grb10,0.406321295416865,5.83193556271593,4.25859206163616,0.0390522756106357
Tnik,0.407311917596579,6.75018008351295,6.42219988875572,0.0112702465782121
Arl8a,0.407582359927911,7.77181666470938,6.5256985612512,0.0106326780275173
Inpp5k,0.411996168581451,4.82245171660049,3.85660092875155,0.049550617315208
Micu1,0.413661589240343,6.0999585691744,6.32760872139181,0.0118872493266211
Smap1,0.413891679571303,6.4302403448591,4.72916370190747,0.0296553012526907
Creg2,0.413942518968543,8.06619145674537,5.68582670504296,0.0171024800240147
Stk32c,0.414087623657571,6.20294179681903,4.38732179621933,0.0362071463728931
Cxadr,0.415841080439726,5.33805253861874,5.21805291238195,0.0223535662455378
Stum,0.417366903997625,8.55867082878949,6.12959397426201,0.0132937397289879
Nipal3,0.417775588149527,6.6569766684445,4.9853822404114,0.025562337213208
Zrsr1,0.417803443367088,6.17813293649307,6.2202624862728,0.0126296387360213
Smyd3,0.419416490265665,5.81139427497519,4.3040948586845,0.0380207227683789
Zzef1,0.421670568273686,5.70376005560859,5.72075887613569,0.0167654826768779
Cirbp,0.422037759939918,5.02587646297533,4.66313418266888,0.0308168897170609
Htr5a,0.422186771556238,5.24900572693524,5.15652738358276,0.0231591580573377
Epha5,0.422362663879377,6.95299288946123,6.44873651720959,0.0111031275209004
Ift22,0.422786204732767,5.39037189457184,3.9835299504828,0.0459471777437295
Tecpr2,0.423760428304468,6.34798636372456,6.88314597542044,0.00870122759248937
Tenm1,0.425373338213527,6.33028207496538,4.11131524940873,0.0425972230513228
Efna3,0.426548869022216,5.31294950335394,4.29841801706739,0.0381478426397519
Jade2,0.427202694608087,6.20400741071638,5.71731640509118,0.0167983864511437
Flywch1,0.428141956892331,6.11719997721226,4.68148593177513,0.0304893644203019
Nrip3,0.429854600056855,7.52663543741548,4.71533019712121,0.0298948237967367
Bod1l,0.431861516979121,6.05252489723496,4.76360486420957,0.0290676082673922
Stard4,0.432487739587575,6.21345519822951,6.87723397365268,0.00873005664372218
Ets2,0.434857942240777,7.11982345939855,6.08670212716983,0.0136203082036834
Aacs,0.434968412704547,4.66065786643642,4.42382984316778,0.0354404058952447
Ciapin1,0.435084296872816,5.64893576039842,6.22344137839776,0.0126069835254175
Zfp831,0.435092588414323,5.49084859930502,4.09111934237353,0.0431090841121051
Txndc11,0.435621864754797,4.4533430197343,3.96949713092367,0.0463316069171429
Rhof,0.437973180124418,5.14166627212091,4.20765320036541,0.0402419749563965
Armcx4,0.438399526144477,6.29073512812862,5.42929495000281,0.0198016721825948
Rnf150,0.438645735328465,6.79279326382299,6.19437654078848,0.0128156862990559
Fam160b1,0.442536534168018,5.67879050484081,6.23953519282859,0.0124929259031145
Vps13b,0.442753350139406,5.57961684887362,5.51021613190617,0.0189057105228622
Coro2a,0.448868639561724,5.21088160070454,4.53380666364452,0.0332316190323511
Rgs12,0.449263569955351,4.91646915196136,5.10284759625047,0.0238865986256157
Ss18l1,0.450994913336807,6.28616950741383,7.66508695851884,0.00562995469961855
Sorcs1,0.451331077657654,6.0705465034426,6.40432269771817,0.0113842846555147
Pdgfb,0.452560713578919,4.48736143755083,4.1960228483466,0.0405189028775081
Zfp629,0.453316237059119,4.49662877137509,4.08900609633024,0.0431630164622362
Kmt2a,0.454088429632378,6.8211310028688,4.43145870117581,0.0352823419121187
Gtf2f1,0.455406765185973,4.964316616511,4.29910516690263,0.0381324318244022
Nipsnap1,0.45856049365744,6.41791484984702,7.36036670596639,0.00666771916420066
Tenm3,0.458803590729312,6.41536068211725,4.07424893437361,0.0435416191708749
Etv3,0.458984457541804,5.38243060963933,5.81309832544661,0.0159072444514518
Slc7a8,0.459988976282137,6.54187954161089,4.75413961316338,0.0292279013692021
Arhgef11,0.461968618193933,5.52052700385153,6.66199565569968,0.00984905562147313
Zkscan16,0.464835491042485,7.15149675518708,7.35798182911068,0.00667656903901412
Slc35f3,0.466348848364431,4.9384224319139,4.29908947930278,0.0381327835798306
Tbc1d24,0.466871747190232,6.76786045996288,5.12376872472794,0.0236003084720757
Osbpl11,0.467697534686801,4.8037615639489,4.65780401520299,0.0309127035686624
Mast1,0.468734886263889,4.43517975473584,3.95112212132414,0.0468401237718785
Fam43b,0.470935455520691,4.21302181122211,4.0451187304321,0.0442992624418516
Panx1,0.471242841997845,4.54035186785022,4.65026599504316,0.0310487358809044
Cbx4,0.471957285220172,4.79347048594383,4.01426779404639,0.0451168097368872
Dgcr8,0.472961778111223,4.61351183630301,4.38060203278776,0.0363501561595483
Wscd2,0.472992226438047,4.30984175040042,4.30030118792932,0.0381056240369566
Arfgef3,0.475040844954758,5.80918224849744,6.42221310381447,0.0112701627147842
Chrm2,0.480420317197966,4.90191273021053,5.33859644417688,0.0208582604868549
Spen,0.481426178683813,5.10721955849505,6.40536618568839,0.0113775958444786
Fstl5,0.481656381136961,5.76897318929086,5.08593595309505,0.0241206539553182
Tmem200a,0.482657212107819,5.54073162656474,4.39918427457328,0.0359561250350818
Dpysl3,0.486471216116621,6.50524456873498,8.09176233842614,0.00444669020142654
Aff2,0.490036734700021,5.61730533195626,5.44872245493818,0.0195826419864225
Nelfcd,0.49021422428078,4.29867703053127,4.06465422767389,0.0437896492432331
Lipg,0.492201854205293,3.98765002212989,3.99253978284707,0.0457021263619619
Lrsam1,0.492799375749991,4.04272525821969,4.01051084763718,0.0452174482866866
Crim1,0.493562677046323,7.08086200083619,7.9967810426964,0.00468605828216535
Acox3,0.493692667564686,4.65703918676068,5.45525200025672,0.0195095900234469
Galnt14,0.494920858741176,4.88458032555228,4.16666146177101,0.0412269599997188
Gpr26,0.495899776453093,5.27563594033553,5.9353727149188,0.0148399299786354
Peak1,0.498126099668384,6.33897211265593,6.76750936783534,0.00928322988451311
Rbm43,0.498326617764162,4.60720995852061,5.23943959837199,0.0220803855287601
Fezf2,0.498563512846173,5.52552131783826,4.98036576993467,0.0256365623838273
Slc38a9,0.499059184668715,4.46311623041237,5.20806316692306,0.0224823667940273
Aldh7a1,0.50250615749186,5.70430293782518,7.68834695199004,0.00555785105897305
Armh3,0.504933039138131,4.71572969453878,5.16660948623388,0.0230251130382156
Dlg5,0.506487079988685,4.78375861096609,4.13487219252633,0.0420082395340228
Slc24a4,0.507185714272115,4.31488152897087,5.17905080078474,0.0228608092854162
Csk,0.510728868097765,3.87484573690663,4.0292094489135,0.0447188912655089
Slc38a7,0.510996017646578,4.43240587495959,4.88559431187993,0.0270817094896882
Rusc2,0.511752210282236,5.01919827827695,5.03421175938323,0.0248513934753347
Mark4,0.51197409523842,5.30810527157402,5.54756260771288,0.018506440337841
Cyb5r4,0.512007801583293,4.70972598296588,5.87488843959818,0.0153583461751125
Slc7a4,0.51446373788775,5.52109727136089,4.06228754552721,0.0438510579533126
Plxdc1,0.515148769085748,3.79538558574058,3.99066299260443,0.0457530579266894
Rnf123,0.516285256198006,4.52930380092058,5.38081436061952,0.0203593724661392
Zscan18,0.51676324754508,4.36148583179344,5.3705764174313,0.0204792088604015
Sgsm3,0.517828709332602,4.2916892596489,3.99599335923142,0.0456085606482851
Racgap1,0.520667388597862,4.17376560924382,3.9778357590333,0.0461027633049204
Pou3f1,0.521328248241917,4.37592930493726,5.52663366092774,0.0187291061995269
Gabarapl2,0.522979477476328,3.99961567088227,4.26741223081088,0.0388500525746121
Per1,0.523159752803461,6.02789936567266,6.92205043609724,0.00851392996579437
Kctd2,0.523873505944443,5.59184578402117,8.17536158153253,0.00424632038182362
Ctps,0.52504921465641,5.75707780445566,7.91248031923117,0.0049094911235211
Cdkl1,0.526031960097635,4.88318306369458,6.9042807998125,0.00859896095176956
Ranbp3,0.52659918747557,4.32066941394404,4.27235595241493,0.0387371866977439
Nudcd1,0.528048454855582,4.66843379656376,6.36173235099944,0.0116607638455306
Ano4,0.528054455154941,4.06361554533023,4.29787789050889,0.038159960723527
Lmo7,0.52816479742781,5.70048871263755,7.59326700284403,0.00585866845034196
Glb1,0.532067999152641,4.08993249599932,4.96468873952834,0.025869970740208
Srsf4,0.535369823269468,3.79789121558612,4.04231575220416,0.0443728928856004
Cgref1,0.536527854942365,3.84637979111282,3.89633064497256,0.0483916906608007
Ankrd11,0.536742545191222,6.33246536946431,5.79168538970155,0.0161021446777525
Lmln,0.537716781714863,3.76200685943328,4.35747898086454,0.0368467953635499
Nr4a2,0.538166708904755,5.49139980103601,6.45561768090271,0.0110602088112733
Rad51d,0.541356967121179,4.4465338365653,5.59235236683564,0.0180390549145072
Sstr2,0.544553148019792,5.13089495610566,6.15631395862735,0.0130943803518139
Acvr2b,0.547347710969861,4.4519881555098,5.44188001355418,0.0196594980909603
H13,0.560512472105528,5.56883304090256,9.05731613424134,0.00261645752746614
Gba2,0.561537685127175,5.33767691813352,5.32036689801042,0.0210775730052095
Mmab,0.565422747667588,4.04469392525314,4.06256320680792,0.0438439006623013
Bbs9,0.566534625124371,4.33000832136641,5.87435803030941,0.0153629739577487
Kcnn3,0.569915501505855,4.34036719453842,5.67394735315066,0.0172186682416286
Rasal1,0.578027070275243,4.94638488097617,4.48469728953972,0.0341996025146479
Ndor1,0.578478542685713,3.32043974090753,3.99558053547275,0.0456197344118578
Prss12,0.582283627142742,6.02053745945899,4.00568523866883,0.0453470604533796
Gaa,0.583950633733996,6.32410608097571,7.69450279106553,0.00553892664421936
Gse1,0.586133372045302,5.15557256430078,8.10765050146323,0.00440788216321915
Ascc2,0.592694001459735,3.75988485218911,4.43239505249889,0.0352629923155701
Slx4,0.595858094454089,4.20506002110156,5.7524662256956,0.0164655255344867
Zfp189,0.596469186521705,4.15830584911266,3.9719543226117,0.0462640480950922
Chga,0.600721900603956,5.68220873188045,8.29861359594217,0.00396753551046904
Golgb1,0.606344180783623,6.41344922611533,10.7568028039914,0.00103896711216155
Pih1d1,0.607172672132424,3.26898928004127,3.84679017037366,0.0498412887523386
Syt3,0.612177270020592,4.13131472992701,4.89216766300248,0.026978792885792
Npr3,0.612355464956387,4.90977539708567,4.73012816786788,0.0296386765802847
Fbxo16,0.614877798380575,3.33685596437045,3.95794162408616,0.0466507150789685
Alg10b,0.615129799032462,5.47278145346937,9.6069378569405,0.00193843608032119
Lrfn2,0.622779970685941,3.85797462957541,4.39299570289519,0.0360868530514181
Ccdc9,0.629183331836783,3.1675457465113,4.18172770337656,0.0408620250082731
Tbc1d20,0.630460398123759,5.84798437158409,8.85891008093403,0.00291661671992755
Ptpre,0.630928995344775,5.04675702672735,7.53635939070639,0.00604660978315217
Ppp1cc,0.632146689859629,3.15228298807761,4.02858549864448,0.0447354338349636
Prkn,0.634676412891994,3.31345639281567,4.47459330263304,0.0344023890650466
Hrh3,0.63578912365532,4.93520497563768,5.68037213638576,0.0171557286844508
Meis3,0.639884849624456,3.27336146995082,4.04564931060312,0.0442853393006558
Grip1,0.640474543805456,4.30866476061926,5.14295140433208,0.0233409347328264
Mad2l1,0.641468118543337,3.31288984304161,4.00802825855113,0.045284079927043
Apaf1,0.648189378820203,4.23986270391116,6.70590610487575,0.00960940875938659
Zfp459,0.651595557533168,3.02296531027151,4.01321306581785,0.0451450392470298
Zc3h18,0.653943674820512,4.05057496952058,7.59167474693472,0.00586384508219663
Gm20056,0.656762559994761,3.48965700617565,4.71334075528522,0.0299294357538257
Tfip11,0.658977084420233,4.1430634438059,6.8697646599796,0.00876661955313018
Smg9,0.669453993716875,3.00637109038539,3.89901586421878,0.0483144015759431
AW551984,0.677257897691748,3.51935779085326,4.29608295663541,0.0382002602007256
Cdk18,0.688387635474967,4.66806711910335,5.0651787486699,0.0244111877976736
Oprd1,0.688478191000281,5.50510322966268,10.1435512846102,0.00144806921801098
Pla2g6,0.693596851329595,2.8568736819783,3.92278624526437,0.0476358688695071
Nat10,0.699239289324571,4.02622732829376,7.61504325876619,0.00578833704297711
Katnip,0.701395195543137,3.53983019197596,5.68044585818836,0.0171550078574153
Slc6a7,0.702209086096773,5.62714444571283,11.2373249721647,0.000801686174073243
Syt10,0.702595048354335,4.85561119355868,4.06420659413761,0.0438012571253096
Washc1,0.704132116901419,3.73034288632819,5.02193606730122,0.0250281697109986
Grik4,0.704563149078942,3.76405215936359,7.0702277283205,0.00783752932489792
Wdr70,0.704751947718353,3.80299556231551,7.179680748194,0.00737338266432411
Zyx,0.706909173854737,3.59766390785063,6.06210581140446,0.0138112900503982
Plekhg5,0.707829639245372,4.33790619286304,8.97555411189328,0.00273615591932557
Tmem163,0.71977819772298,3.49123372154764,5.45677967143202,0.0194925392780648
Zc3h8,0.719970942683838,2.60813712599728,4.03779725048357,0.0444918591516827
Ccdc28a,0.72281538920021,3.74764673236337,6.74543167460766,0.00939880328393613
Slc25a38,0.72330498734806,3.29512588947019,5.29410588508451,0.0213977132049476
Kcnd1,0.729650468036756,3.30950107520104,5.51793363208029,0.0188224796152164
Mrps10,0.732108532461482,2.60415755526361,3.96146927571506,0.0465530531501504
Morn1,0.738838768101774,2.87276454357326,4.95656035944342,0.0259918585887615
Pms2,0.741133877828241,4.25783802069137,10.4332267925697,0.00123768317004738
Dpysl4,0.748014486896711,4.09237365686373,9.44479024558731,0.0021174971493527
Ryr3,0.760729677238284,3.8008652046862,4.60467755471627,0.0318848488603094
Egfl7,0.764175723738436,3.4054160631827,4.4833467764591,0.0342266347520085
Utp14b,0.767800226289565,2.96824575417684,5.23924554436334,0.0220828486483772
Snapc4,0.775214012161735,2.77884954938593,4.91609498621892,0.0266075924142303
Actn2,0.775647441600779,2.74839127521091,3.94551120500418,0.0469965725016514
Tubgcp4,0.78403225361273,3.81536010717821,9.16838248726255,0.00246232103733251
Entpd3,0.796498555420231,3.10663005030874,6.14817126674654,0.0131548057126789
2610035D17Rik,0.805766134371924,3.29536800953034,5.68568684564086,0.0171038432291013
Ksr1,0.807710702125814,4.96852125669942,12.2055079609705,0.00047648626626792
Cep250,0.808251868655712,2.74044637641942,5.25489295788236,0.021885147465719
Tpbg,0.815747907602405,3.42495558148268,6.34765313400527,0.0117536687282514
Unc45a,0.819763692929407,2.8769935741154,5.53644551072069,0.0186243740490678
Mrap2,0.844478224302414,2.72612101186407,4.94091801547307,0.0262281028369939
Pced1b,0.849218352172798,2.4609447992526,5.13600925929226,0.0234344581783169
Cetn4,0.857678413186534,2.3540777698505,4.98195321851942,0.0256130498471324
Foxp4,0.85923223245873,2.98183009972455,5.71483100684976,0.0168221837436282
Rbck1,0.863710069188269,4.07323570697107,9.96405236208068,0.00159626317461292
Pan2,0.870343219322432,2.46179414344736,4.11973632506051,0.0423856840572279
D830031N03Rik,0.871132356667475,2.40791468039744,4.80201393811706,0.0284264889848495
Vwa5b2,0.876251670985183,2.47509385451903,3.97696409458565,0.0461266292344301
Fcrls,0.88620359292786,4.70023969904861,6.3765057405544,0.0115640886020106
Pcdha11,0.901257997952786,2.48576443725179,4.74475275217211,0.0293877763302732
Pcdhb22,0.906760362165137,2.87819583322071,6.94445514873369,0.00840794426417361
Itga8,0.911741612551795,2.59585151745701,5.36308393751891,0.0205673715307239
Shq1,0.930859732853164,2.28900500525494,5.08645848126655,0.0241133867155857
Tmem91,0.935324335371508,2.25586365585495,4.17761808089573,0.0409612306878552
LOC115488373,0.937670566971002,2.54014138817622,4.22744570606645,0.039775257078764
Ksr2,0.944603203047773,3.20069289616764,8.58884045957181,0.00338229306873281
Ranbp17,0.960699943316536,2.57130574792352,6.06137192851123,0.0138170305322839
Vgll3,0.978978461671874,3.19124117824802,9.9547124907698,0.00160438180601093
Bbs10,0.991893146901279,2.40687190830657,4.96333174969297,0.0258902779011065
Nek10,0.999760259361157,2.6715897632204,7.1049718778174,0.00768704310154766
Rpl30,1.00194967075178,3.41362723124953,4.93053416743333,0.0263861600453825
Efcab6,1.00290129462205,2.53248259686635,6.25572961133515,0.0123792251847075
Thsd4,1.00834218695574,3.03740171486786,7.16846123984526,0.00741963909261508
Suv39h2,1.023554731046,1.70044846494628,4.3008805720581,0.0380926447404526
Asf1a,1.0472106127273,2.59521810395893,7.77448107762305,0.00529894360290894
Myl4,1.07367443450653,2.14794978843629,4.28377300333578,0.0384778455640675
Rassf5,1.09143749721026,2.46437520171743,6.97139229313783,0.00828230300524103
Nrg2,1.09597329796862,2.17642561003203,7.05515234819109,0.00790375875071065
Nell1,1.09694807094114,5.98323002799312,15.3881338613499,8.75362734604147e-05
Susd2,1.10639215682406,3.01865447298636,11.4848484302482,0.000701658488495137
Tpk1,1.14033088271682,1.87452214531162,5.05988063157316,0.0244859244540977
Aoc2,1.14089394970564,1.49705087934517,4.6357561862288,0.0313123425191185
Tekt5,1.15125992199844,2.08645439927722,6.42645011962299,0.0112433073903727
Shld3,1.18802121296032,1.55412507578809,4.08601289789802,0.0432395276326438
Coro6,1.19836283623031,2.23106559774662,5.39569108391825,0.020186529927348
Slco4c1,1.21114413445299,2.22078761027775,6.61046418129316,0.0101381231818085
Gm34583,1.21426577793988,1.78001180699459,4.57268881727492,0.0324855390526544
Tmem132e,1.24890725809314,1.52123106583471,5.51098477017455,0.018897403968205
4732491K20Rik,1.27019987058649,1.50046669183141,5.15125907282966,0.0232295236313979
Ccdc159,1.2706468841505,1.24176667124565,4.54560385492249,0.0330033792286411
F630042J09Rik,1.2867807194625,1.61657129926317,5.34497371286777,0.0207820968004003
Neb,1.29140560350174,1.29561543660216,4.50068593031653,0.0338812600587586
Pgf,1.300431627775,1.4863570999092,5.66280576234815,0.0173283808158602
Hyls1,1.30855313874271,3.00082713294722,13.4934894482411,0.000239392603235287
Pcdha9,1.31237807193568,2.36940696590016,11.1758626866415,0.0008286835511701
D130037M23Rik,1.37150362278905,1.48649644840064,5.05660012367657,0.0245323191735468
Zfp804b,1.39543058961391,2.33932639707546,9.44284394300813,0.00211974541609228
Gmnn,1.41481059774642,1.75086808889092,3.88427363332997,0.0487403415925944
Gm15991,1.44503633300814,1.48534784925681,3.86114936392766,0.0494164651206643
Dnah9,1.47124761441563,0.679788916257051,4.19600914880385,0.0405192302515744
Htr4,1.47650880658726,2.44551049900645,6.99367743814819,0.00817981245581288
Junos,1.53870453463998,0.992718977274514,5.48517994490324,0.0191783457682996
Rad21l,1.55719600689436,0.981762243628734,4.38018532336686,0.0363590440033365
Traip,1.57576229452754,1.6650101131828,8.64985259061718,0.00327087818781429
Gm41069,1.59016274269107,1.70014092007238,10.3261060969884,0.00131161631457949
Gm46805,1.64100116779443,2.2398344480684,4.54590343688678,0.0329976045885675
Gm40371,1.66460077335046,0.574477439482108,4.26657175461315,0.0388692750377815
Muc3a,1.73612565952467,0.437549812373439,4.68729746062646,0.0303864037480894
Ddx4,1.74021628982361,1.03129309986665,6.26166907292961,0.0123377912642118
Gm31513,1.74777774104995,0.93466475355113,4.88886986040843,0.0270303744699584
Kpna2,1.75611176867222,1.07416265420218,7.26381014293045,0.00703578660276752
Carmil3,1.76739702314665,1.8071806261985,10.9675552450088,0.000927210040393441
Lrriq1,1.77292227075066,1.65628746217733,12.2329577382465,0.000469527083287729
Gm9886,1.78103211826987,0.416153335178357,4.2068953374068,0.0402599596208532
Gm19531,1.8539284804091,0.783316824472813,5.23696690196928,0.0221117926656859
Otogl,1.857490717259,0.483123133226628,3.91584866606859,0.0478328588776905
Pla2g4e,1.8703344554945,3.90493484875143,12.7281829504519,0.000360186320428055
LOC118567916,1.88711114027103,0.175206917029178,4.58072532058903,0.0323335256834365
Spink10,1.91114938056724,1.49135655532811,9.46018014221524,0.00209980449391144
Zfp457,1.9796389642576,0.410096010856022,5.39376808140161,0.0202087863037995
Gm30340,2.02830989715896,0.831233879306691,4.98284784739946,0.0255998088973827
Mdrl,2.05330992595123,0.618828167515038,5.61280476507717,0.0178297021984682
Atp5g2,2.06786547983373,0.0886717834834051,5.11942903564625,0.0236593999650114
Cabcoco1,2.07231259121827,1.64553388376251,8.90983531458194,0.00283638843432832
Ccdc116,2.07485460322218,0.990806647538817,7.28029066654873,0.00697152543898182
Gm51963,2.08087776978403,1.67641988688274,12.1449015503847,0.000492222400611902
Dram1,2.11307589139731,-0.4594126564268,4.01942242542897,0.0449791146304681
Ccdc171,2.11375717697865,0.784738461409631,6.5164008934233,0.0106884091664374
Klhl1,2.11564706840955,1.52000709928313,10.8224126494939,0.00100278730152078
Mfsd13b,2.12297936822113,-0.331308241432274,4.98884931809662,0.0255111677849728
Zfp296,2.12756721655128,-0.12025892533185,5.45936729992219,0.0194636932018396
Slc6a16,2.16420873882059,0.115906965005869,5.43152097180759,0.019776447530893
AI847159,2.17905501187053,0.103682146183357,4.93974100332677,0.0262459691171374
Gm39804,2.25514306916962,0.310572068715203,5.24998954220037,0.0219469029045443
D1Pas1,2.33872678003186,0.249663582991102,6.87419649875469,0.00874490646702214
Gm5150,2.35831688405503,1.36392486353309,4.3522591935657,0.0369598862771284
Pnlip,2.3993242015672,0.314642123305883,4.40114392835959,0.035914832503121
Oprm1,2.42037174728459,0.412163629736049,6.52450595590531,0.0106398099269902
Acot4,2.44568223382982,0.60562912293071,6.60893840256177,0.0101468134328297
Gm46086,2.46320038204473,-0.541476712106686,4.9653558439182,0.0258599936850285
Tacr3,2.50339120867226,0.0117155070563552,4.82979158675473,0.0279720118007338
Oip5,2.54987845087903,-0.241845293855586,3.85447259086046,0.0496135228826278
Il7r,2.58742922555364,-0.0242067137176431,6.68496454145175,0.00972294569272545
Gm32849,2.65428140750592,-0.361782414023445,4.00526778044142,0.0453582914377933
Gm32719,2.66780325111747,-0.585792365839963,5.61424045844463,0.017815100845887
Agtr2,2.68658001272863,-0.399143376143331,4.90142800327734,0.0268344965244153
Prox2,2.72617950919109,-0.274643203811201,6.22143900425344,0.0126212490988936
4931408D14Rik,2.7701841979862,-0.0763764923076431,4.78211759122874,0.0287567375490849
Gm40603,2.81060660416078,-0.197633893122686,7.26162475171051,0.00704435324556999
Rtbdn,2.81528131375431,-0.146922201759294,7.41557472978643,0.00646616558898075
Gm32073,2.9262274202455,-0.192853120786905,4.87297173757465,0.0272804828854322
Gm10785,2.9617825974831,-0.413628199293533,5.06611055690203,0.0243980679590255
Gm6980,2.96401313449899,0.161174069730164,8.70006804836576,0.00318198171356538
Slc16a5,3.074840575306,-0.136789813550812,7.14156234399467,0.00753175123526461
Evpl,3.14497140379336,-0.680558234801792,6.25845970471563,0.0123601622214431
Gm26618,3.14503119057429,0.584264014254286,9.24863507783963,0.0023567101498888
Allc,3.29137801068423,-0.203996596979676,7.8569582567663,0.00506254898995849
Cd28,3.31412346717915,0.164375754182595,9.0193256755315,0.00267139927782324
Stpg1,3.39074508068606,-0.611734258428603,8.29816999121491,0.00396850476174744
Fam205c,3.42872833357352,0.601047762472573,10.4619372847539,0.00121859414536554
Gm39616,3.45505144282372,-0.316749182847829,7.36779872002676,0.00664021696978501
Lrrc70,3.46711151019885,-0.601788833788644,7.12978482963447,0.00758138248706899
Gm20597,3.47374106200257,0.0307798339153722,8.89676365020365,0.00285676540035098
Glt28d2,3.49209275724246,-0.22514365867996,5.28311692809318,0.0215331663667166
Xlr3a,3.65222906549508,-0.114802230572072,12.0208310228643,0.000526092402943135
Shisa3,3.77091283681132,-0.539205709602161,6.11982631864213,0.013367393388863
Corin,3.9422616090921,-0.206246081826921,10.463404712861,0.00121762652391784
Gm36251,4.06970927456605,0.6468024372875,8.07432155327139,0.00448969136471879
Gm10635,4.35500427922131,0.725514903649136,8.25604101592196,0.0040616608865338
2310057J18Rik,4.36124254826562,0.446892750026426,4.19997802648686,0.0404245031416922
Slc5a12,4.56931076223145,-0.616537142865608,13.5460483107373,0.000232781020608936
Mafa,4.65415670492511,-0.504847256718442,13.6622418052883,0.000218810109440934
Gm52620,4.67588256794593,-0.569639537257965,14.4607728633766,0.000143108976468899
Scgb1b20,5.32207049120034,1.77257684023003,25.564633102743,4.27809267787768e-07
LOC118568509,5.33732923920913,-0.840711853041016,11.1091205790217,0.000859042152888333
Scgb1b24,5.42240740844866,-0.854602607024199,11.3095220282808,0.000771106197033453
Esp24,5.53446517384832,-0.786463077350562,11.7741230858916,0.000600597992693641
Scgb2a2,5.71039928307266,-0.685954630287664,12.5113624969686,0.000404484520190821
Vdr,5.72112286070937,-0.791756782740027,14.1304635683586,0.000170559148615944
Gucy2c,5.72925319081758,-0.688251446475767,14.236670437475,0.000161198488366896
Sla2,6.00431872484221,-0.529944467856681,15.160445581779,9.87504807613034e-05
Esp15,6.10895119518291,-0.392832112979828,13.9926055017798,0.000183531000083987
Esp18,6.23339141898707,-0.253523451614881,14.7367185986667,0.000123615240736848
Gm12873,6.38168587911866,-0.202797815360422,15.3886009900776,8.75146358727419e-05
Gm12888,6.58803059078033,-0.057228476806303,16.5904129415731,4.63849058148991e-05
Mucl2,6.62314418521173,-0.0167376212969438,17.0173388726603,3.70400275779915e-05
Scgb2b12,6.66080688110892,0.00449596846958663,17.2734022152674,3.23686138349292e-05
Esp16,6.81518076102927,0.114566745283937,18.1396154874352,2.05285843250365e-05
Esp6,6.81639885262996,0.113246723983376,18.1786018321778,2.01125945334113e-05
Scgb1b3,7.35631086213654,0.534264318994616,22.6531492985582,1.94041912233582e-06
Pip,7.57303400962021,0.735897416051556,24.7441202428118,6.54682133073213e-07
Scgb2b20,7.78995085820466,0.928050225836545,27.7114222035289,1.40828727961408e-07
Scgb2b7,7.98862495290561,1.15035681854022,31.2746792292566,2.23981968413964e-08
Scgb2b2,8.66321712244559,3.05573631755781,115.176096298167,7.20103948254818e-27
Scgb1b2,8.80239232594913,3.18970551602282,124.027108132771,8.31005185922296e-29
Scgb2b24,9.33403620163177,2.23484991885525,73.4896999678374,1.01162685788453e-17
Gm1553,9.42890621671289,2.32372796638838,77.8803368435237,1.09475780111598e-18
Gm5938,9.74916299176754,2.62611147724176,94.3620785390577,2.62778532122246e-22
Obp1a,10.7661231192982,3.58447887993663,167.338070504104,2.82218014218437e-38
