,baseMean,log2FoldChange,lfcSE,stat,pvalue,padj
Obp1a,105.618203153286,23.8511182616426,3.38373807721234,7.0487483715915,1.80534277847654e-12,1.80534277847654e-12
Ddit4l,260.391467254812,-1.3747940517027,0.30923380917723,-4.44580770569872,8.7562247643979e-06,8.7562247643979e-06
Agt,33.0635009839016,-3.09599143438077,0.715776395641173,-4.32536117876234,1.52282145269068e-05,1.52282145269068e-05
Pantr1,765.28710620674,-0.854153152860103,0.208100493449651,-4.10452247710198,4.05150880559134e-05,4.05150880559134e-05
Gm10635,13.4212509958819,4.79155578331504,1.29044916151767,3.71309147714103,0.000204742840211085,0.000204742840211085
Uevld,51.2366012163058,-2.2055479418482,0.596494202723921,-3.69751781622764,0.00021771794341108,0.00021771794341108
Tmem100,171.477496203153,-0.953959562100227,0.263065493702547,-3.6263196235797,0.000287489474164807,0.000287489474164807
Nell1,570.406074912659,1.10022543154642,0.310693721305265,3.54118978305781,0.000398326954909931,0.000398326954909931
Pop4,176.552041237741,-1.03362970831664,0.292956525046183,-3.52826996481368,0.000418285325978433,0.000418285325978433
Aox3,23.7598570065407,-2.19643438604208,0.627444157359424,-3.50060536906694,0.000464202686474981,0.000464202686474981
Kcnj13,9.85829701045766,-4.00574812593252,1.15513291441222,-3.46778113233041,0.000524774508447623,0.000524774508447623
Gm31069,4.11639021443306,5.52843170251661,1.59564225283237,3.46470626025557,0.000530810914940103,0.000530810914940103
Mpc1,59.0636208701992,-1.35085617437879,0.390254329098002,-3.4614764620319,0.000537221095778496,0.000537221095778496
H2bc4,104.328126136218,-1.14242350237602,0.333669462137041,-3.42381797560731,0.000617479656068672,0.000617479656068672
Fabp7,447.524036221438,-1.01649165695868,0.298233855876249,-3.40837110519225,0.000653519513114191,0.000653519513114191
Slfn8,9.36376121994146,-4.05664084342514,1.21135157799173,-3.34885504516413,0.000811462379116146,0.000811462379116146
Gm35065,3.96934051527702,-5.4209441658596,1.62098214661461,-3.34423434408648,0.000825100089055296,0.000825100089055296
Gm40578,52.4623452209674,-2.03979627621132,0.61048948832497,-3.34124717168842,0.000834029380760923,0.000834029380760923
Gm51963,27.1477324261038,2.394604035961,0.717182426209263,3.33890506578348,0.000841093034837353,0.000841093034837353
C030047K22Rik,5.10486351310453,5.8352638333663,1.75679043441524,3.32154804526164,0.000895195686221302,0.000895195686221302
Spink10,23.6573048109204,2.10719889018693,0.638147970877983,3.30205373416416,0.000959796814408336,0.000959796814408336
Hbb-bs,229.163219096949,-1.089526323578,0.331868771133859,-3.28300345903454,0.00102707405418488,0.00102707405418488
Adamts4,113.266176084628,-1.61265589136974,0.495053381487979,-3.2575393920603,0.00112382659089659,0.00112382659089659
Lrriq1,26.6805444217635,1.73443821441663,0.534586715092267,3.24444690720994,0.00117678953117242,0.00117678953117242
Cr2,3.76249581937496,-5.34278169697677,1.67056176423925,-3.19819465005522,0.00138290901147312,0.00138290901147312
Gbp2,42.6334289308643,-2.06518569432684,0.646033849920359,-3.19671437430319,0.00139002493824483,0.00139002493824483
Fmo1,121.029581166409,-1.30466662766874,0.410224913489508,-3.18036907259194,0.00147087588579521,0.00147087588579521
Bdh2,9.95891679423898,-3.24288451741584,1.02138760404201,-3.17497931694349,0.00149847181705151,0.00149847181705151
Pisd-ps3,67.5799559036058,-1.29912925532356,0.409360216702826,-3.17356011238058,0.00150581716459114,0.00150581716459114
Psd4,5.24611142684965,-5.06626789893387,1.60601989677883,-3.15454865104425,0.00160746574637493,0.00160746574637493
Zfp804b,43.8605016843195,1.47993464211965,0.469380955211723,3.15294991347081,0.00161629536579256,0.00161629536579256
Elf4,16.1016351286969,-2.24948297811712,0.724800878668911,-3.10358754289629,0.00191189662843099,0.00191189662843099
Pcdha9,45.029386746028,1.30219200937933,0.419949739458313,3.10082823496691,0.00192980198051231,0.00192980198051231
Susd2,71.165872677572,1.09230776873895,0.353142980839532,3.09310343969513,0.0019807508162598,0.0019807508162598
Ctxn3,24.0497163157446,-2.19626970447391,0.717826993798449,-3.05960868488957,0.00221626357019231,0.00221626357019231
Pla2g4e,133.494325772506,1.57581248824326,0.517082357852344,3.04750774091047,0.00230747582848253,0.00230747582848253
Gm52620,4.25776196298218,4.81299025980846,1.58027694838121,3.04566251171274,0.00232168273373096,0.00232168273373096
Liph,5.43432227128059,-5.11997855707081,1.68762510745567,-3.03383644534058,0.00241465298905937,0.00241465298905937
Mafa,4.3269284699089,4.84511503486622,1.61527266327209,2.99956480725141,0.00270365599889752,0.00270365599889752
Gbp6,4.10668423302347,-4.69825022096953,1.57441671183181,-2.98412115779893,0.0028439413547964,0.0028439413547964
Sla2,4.2453932632599,5.575008710411,1.87754104293648,2.96931389669739,0.00298465540172045,0.00298465540172045
Gm39002,4.15803768846329,5.54048078065054,1.86666944001115,2.96811029413834,0.0029963679156534,0.0029963679156534
Gm41069,27.488515363636,1.60387788918174,0.548080581774448,2.92635415761141,0.0034296026667856,0.0034296026667856
Pde7b,368.629217418421,-0.901988255225128,0.309212839467597,-2.91704657794344,0.00353363000126609,0.00353363000126609
Gm12371,78.6213737748062,-1.32368319048901,0.454831861720446,-2.91026927067521,0.0036111748819807,0.0036111748819807
Rmdn1,65.9568988952959,-1.13041195879649,0.388619160531385,-2.90879110862883,0.00362829203564927,0.00362829203564927
Depdc7,13.1510391913341,-2.32037329860294,0.798503700909026,-2.90590174592979,0.0036619641777998,0.0036619641777998
Slc5a12,3.8905365953713,4.68643108956275,1.61693465477445,2.89834290812233,0.00375140185557123,0.00375140185557123
Dnajc24,43.1603828663796,-1.15391643940576,0.398663276526996,-2.89446384291587,0.00379806648606186,0.00379806648606186
Hyls1,70.7089482932339,1.18837590409325,0.41126932312521,2.88953208341156,0.00385815634562158,0.00385815634562158
Slc2a5,46.5677593382203,-1.32287757748605,0.458201491691698,-2.88710884070222,0.00388799709185351,0.00388799709185351
Lbp,16.731789065527,-2.75100079666624,0.957663711965707,-2.87261672578103,0.00407087662151825,0.00407087662151825
Xlr3a,6.55089353602396,3.69355682123502,1.28629837883122,2.87146192673517,0.0040857799671366,0.0040857799671366
Gm20324,3.8870680438521,-5.39009351101303,1.87885871725446,-2.86881257303341,0.00412015868996612,0.00412015868996612
Gm36251,12.3788885217148,3.24559914947987,1.13198395209744,2.86717770465397,0.00414150393440649,0.00414150393440649
Nphp3,42.6362996310542,-1.683665163629,0.587406998577492,-2.86626677534705,0.00415344073352005,0.00415344073352005
1700028J19Rik,3.93033684700264,-4.63837199020935,1.64348007924924,-2.82228671267388,0.00476825272432653,0.00476825272432653
AU020206,13.4265251018295,-1.94638875519565,0.693395044485224,-2.80704162897595,0.00499987799028965,0.00499987799028965
Palld,87.5910165330147,-0.980029055239139,0.349551108568885,-2.80367886473462,0.00505231997118165,0.00505231997118165
Creb5,50.148910730635,-1.32329480096917,0.472529985659375,-2.80044619628239,0.00510320138162262,0.00510320138162262
Samd9l,47.503171354583,-1.47034433977895,0.526514841668795,-2.79259808729927,0.00522866125762966,0.00522866125762966
Qtrt2,88.6967001687785,-0.871916613668743,0.313020535181584,-2.78549333245163,0.00534463391540078,0.00534463391540078
Zfp934,7.86710887827977,-3.13372846361567,1.12651855880674,-2.78178147986754,0.00540614271803779,0.00540614271803779
Ikzf1,51.323552421311,-1.29103546712378,0.464962914355488,-2.7766418079028,0.00549236700625748,0.00549236700625748
H2aj,108.104768093943,-0.968637734952598,0.348999585349262,-2.7754695868284,0.00551220545670317,0.00551220545670317
Scgb1b2,79.6125549814752,9.39064414018166,3.38385916504798,2.77512853879323,0.00551798942248479,0.00551798942248479
Ddx4,16.6780999907539,1.92169815596828,0.693419970239803,2.77133373488465,0.00558271750894932,0.00558271750894932
2810459M11Rik,210.807076094766,-0.642997366153158,0.232644394599508,-2.76386356636731,0.00571214176613117,0.00571214176613117
Fut10,56.3334171571351,-1.52999410335851,0.556780790542269,-2.7479290402034,0.00599729870482278,0.00599729870482278
Gucy2c,3.51972329019425,5.3069850853997,1.9323709832457,2.74635933338527,0.00602607214854655,0.00602607214854655
Stom,174.16723177032,-0.842839314499741,0.309075067066817,-2.72697284351809,0.006391829935208,0.006391829935208
Gm5938,53.0246511980328,9.2152654314948,3.38410354245119,2.72310386366605,0.00646717223957807,0.00646717223957807
Zfp36l1,194.003656073708,-0.826538255508682,0.304103930441997,-2.71794663853031,0.00656884311348352,0.00656884311348352
Hspa1a,64.1513030107191,-1.23052337060156,0.453263064019477,-2.71481059958744,0.00663136837501518,0.00663136837501518
Pms2,170.731590092881,0.750153324803562,0.276411724567719,2.71389835571096,0.00664965657634303,0.00664965657634303
Aif1l,105.447573883538,-1.01039585090995,0.372326668783926,-2.71373483454745,0.00665293955396059,0.00665293955396059
Foxp2,169.11346688373,1.14736761864229,0.425152716860431,2.6987187736094,0.00696069699271893,0.00696069699271893
Fam205c,11.7758508770976,2.74360084539794,1.02271771705626,2.68265700265268,0.0073039858750871,0.0073039858750871
Vdr,3.377152703191,5.24026426873597,1.95840542370469,2.6757811254541,0.00745553168093834,0.00745553168093834
Traip,26.7636654261876,1.50107928197775,0.561307476022131,2.67425492461918,0.00748954952933,0.00748954952933
Vgll3,80.7196950320005,1.03225497954586,0.387062995109343,2.6668914171303,0.00765564016367859,0.00765564016367859
Ecm2,61.6344580294762,-1.32339845598856,0.497872408621482,-2.65810764579787,0.00785807893465324,0.00785807893465324
Spn,2.7396226188342,-4.88748072046383,1.84080772013317,-2.65507400203117,0.00792910119163681,0.00792910119163681
Prelp,171.161669522445,-0.850439048038445,0.320727165280113,-2.65159655963566,0.00801122023913966,0.00801122023913966
Scgb2b2,72.4525836681259,8.94191979348356,3.38390762077791,2.64248342318161,0.00823004939014895,0.00823004939014895
Coch,344.499643685229,-2.06430743969766,0.7822634906677,-2.63889017488937,0.00831779223901906,0.00831779223901906
Gm1553,42.5944612581327,8.89929014481789,3.38428324405634,2.62959377305292,0.00854869515622861,0.00854869515622861
Gm38560,4.35689864988662,4.10292329666053,1.56689236125085,2.61850998710925,0.00883147063828132,0.00883147063828132
Ccdc116,15.9799973113861,1.97356164733711,0.756850308737387,2.60759839106031,0.00911798619176532,0.00911798619176532
Scgb2b24,39.9278909823503,8.80602759267298,3.38434425309221,2.60198931731814,0.00926847392828881,0.00926847392828881
A830029E22Rik,19.3347503602175,-1.8946828588413,0.72881553750138,-2.59967407574336,0.00933123383811097,0.00933123383811097
Klk6,16.6100281526857,-5.9791295096803,2.30776955222775,-2.59086939764349,0.00957338155518321,0.00957338155518321
Thsd4,72.4338411013528,0.991401731042723,0.382722578802048,2.59039258709504,0.00958665338156246,0.00958665338156246
Pros1,233.156480115295,-0.943039669967947,0.36536465566226,-2.58109167198615,0.00984884249102078,0.00984884249102078
Dock5,47.1328771370981,-1.77863563404371,0.689521628226507,-2.57952116544694,0.0098937395416184,0.0098937395416184
Thbd,139.652794011262,-0.986885369357376,0.382654530918927,-2.57905052629958,0.00990722946001538,0.00990722946001538
LOC118568202,11.9591886541576,-1.8421968427485,0.714815265261724,-2.57716494355222,0.00996144035698384,0.00996144035698384
Fcrls,232.956335310811,0.900494678541075,0.34946846288691,2.57675519874444,0.00997325549543156,0.00997325549543156
Ccr9,3.80540251110026,-4.58901329625073,1.78581643608665,-2.56970044822012,0.0101786486749551,0.0101786486749551
Gm36841,5.41510183519497,4.43567205828952,1.72924578328099,2.56509057369132,0.0103148875340366,0.0103148875340366
LOC115486415,7.10025688963238,-3.04464519197608,1.18746921218036,-2.56397821581049,0.0103480039086794,0.0103480039086794
Gsta4,571.285430382337,-0.576507303840288,0.224947586165337,-2.56285170100272,0.0103816381529326,0.0103816381529326
1700001K19Rik,2.7475382313414,-4.89559066206463,1.91095347644875,-2.56185758701066,0.0104114000840013,0.0104114000840013
Gm34542,3.6799996973981,4.58996486074188,1.79348079750384,2.55924951475932,0.0104898420923846,0.0104898420923846
Gm15545,3.35166903452245,5.2301556430303,2.04549859249205,2.55690992026465,0.0105606561044477,0.0105606561044477
Nek10,55.7636432338455,1.04623549065866,0.409440973156343,2.55527795030704,0.0106103034182056,0.0106103034182056
Ppp1r16b,1237.94678887743,-0.566778307738558,0.222298947502814,-2.54962209270642,0.010783974377863,0.010783974377863
Tmem254a,326.553205560032,-0.885908092346267,0.34753905760147,-2.54908929793484,0.0108004641082747,0.0108004641082747
Klhl6,14.6745999563484,-1.92291735674983,0.754424316107787,-2.5488538952065,0.0108077568410712,0.0108077568410712
Tnfrsf1b,50.1009462089325,-1.05269128613646,0.413192129430244,-2.54770410943701,0.0108434399318787,0.0108434399318787
Gpr35,11.5018642161136,-2.64581408928538,1.03935177723477,-2.5456386829151,0.0109078026178347,0.0109078026178347
C230035I16Rik,3.18455370855159,-4.31978407850059,1.69844485504454,-2.54337611590417,0.0109786980606663,0.0109786980606663
LOC108167377,3.07513122435014,4.32693104719091,1.70285061546847,2.54099273763984,0.011053821551916,0.011053821551916
Rreb1,38.3500510136475,-1.56734672768131,0.617912037846552,-2.53652078561793,0.0111960096085002,0.0111960096085002
Loxl2,7.26906305442182,-2.89589954072995,1.14433157386679,-2.53064724146732,0.0113852287768636,0.0113852287768636
Wdr70,124.052110805406,0.735079981879453,0.290862665651932,2.52724075202936,0.0114962664938707,0.0114962664938707
Mpzl1,157.648871857187,-0.715419380979843,0.283939932334167,-2.51961524079632,0.0117483176007519,0.0117483176007519
Cd63,217.882317075885,-0.729279675385985,0.290470989300758,-2.5106799034959,0.0120498905337789,0.0120498905337789
Cd33,48.159191090925,-1.05257718094719,0.419614581595421,-2.50843804556357,0.0121266231505028,0.0121266231505028
Dmkn,2.65018567871185,-4.82776364219452,1.92659054656411,-2.5058586791077,0.0122154432300345,0.0122154432300345
Gm34590,5.19120435970326,-3.57331586119492,1.42617148986645,-2.50553028621371,0.0122267926539912,0.0122267926539912
Pcp4l1,551.778947714318,-0.504041920937783,0.201369620583017,-2.50306833512648,0.0123121769246427,0.0123121769246427
Lmo7,467.486044851583,0.547325175631063,0.219608478032563,2.4922770766159,0.0126926978916905,0.0126926978916905
Gm28913,3.9312820443371,3.9471493630518,1.58437300952201,2.49130055822057,0.0127276401412867,0.0127276401412867
Fbxw15,3.05344806101702,-5.0444772726541,2.02519424492076,-2.49086095583463,0.0127433979757887,0.0127433979757887
Oprd1,408.021631471118,0.665372021720433,0.267589067273249,2.48654411968553,0.0128990574181811,0.0128990574181811
Cyp2j6,309.09086168765,-0.733195575309397,0.294927510382506,-2.48601961328897,0.012918084580809,0.012918084580809
Stpg1,3.97865690302648,3.96705886309172,1.59892706845991,2.48107555456722,0.0130986605347148,0.0130986605347148
H2-DMb1,5.13257435828366,-3.78123252075047,1.5285448780536,-2.47374648598174,0.0133704536529438,0.0133704536529438
Ttc25,11.0682817023181,-2.38668402090393,0.965254593613435,-2.4725953512113,0.0134135925565258,0.0134135925565258
Scgb2a2,3.54136744844121,5.3144449180952,2.15368487468869,2.46760562817408,0.0136020083915302,0.0136020083915302
Dpysl3,818.701318606012,0.500478243835319,0.202871661366446,2.46696971111854,0.0136261883142635,0.0136261883142635
Rassf5,47.9365991243726,1.06925621202522,0.433438162198552,2.46691755659349,0.0136281731063159,0.0136281731063159
Neu4,59.0164962013499,-0.884976767965501,0.358864558885224,-2.46604671889191,0.0136613514499811,0.0136613514499811
Ace2,25.0742667093361,-1.73458523833935,0.70424513172824,-2.46304185885193,0.0137763831278927,0.0137763831278927
Rtbdn,6.07327444410698,3.14038427937175,1.2757025400131,2.46169007340811,0.0138284103719676,0.0138284103719676
Shisa3,4.37599864821309,4.84548894596854,1.97276191792162,2.45619550030318,0.0140416744832679,0.0140416744832679
Gm27151,6.59451779930526,-2.8929588045066,1.1788324379765,-2.45408822433868,0.014124232408902,0.014124232408902
Tubgcp4,124.923193012043,0.774082695679045,0.31601343021089,2.44952467736091,0.0143044907419993,0.0143044907419993
Gm33738,2.91513290058983,-4.97817469044598,2.0328657021687,-2.44884582642875,0.0143314777646388,0.0143314777646388
Ctps,486.630393604314,0.526275745972889,0.215857007446779,2.4380757993351,0.0147656774720494,0.0147656774720494
Mmrn2,61.5123527613154,-1.05695042279731,0.434906428352653,-2.43029386068366,0.0150865853033027,0.0150865853033027
Mcidas,2.53347777415618,4.82714631691918,1.98769227685396,2.42851792157657,0.0151606758119776,0.0151606758119776
Corin,5.77536661480553,3.48351832968019,1.43564897188602,2.42644155911168,0.01524770585735,0.01524770585735
Serpinb1a,66.3788740438609,-1.50630004082332,0.621908228352225,-2.42206160354934,0.0154327341115157,0.0154327341115157
Aldh7a1,468.794443350288,0.521413912322582,0.215336010506053,2.42139673293486,0.0154609931997098,0.0154609931997098
P2ry2,3.16952704339094,-4.31311040928459,1.78134454567695,-2.42126680082854,0.0154665210386076,0.0154665210386076
Iqcm,2.91448702085005,-4.97075626242289,2.05464147752896,-2.41928157140146,0.015551197329505,0.015551197329505
Gm31159,2.82406067493223,-4.92408144177821,2.03631400089711,-2.41813464898285,0.0156003028728913,0.0156003028728913
Hapln2,30.9002368461812,-1.63721167882025,0.677177026755001,-2.41770115366389,0.0156188984952218,0.0156188984952218
Plaat3,319.316302984844,-0.696126339489206,0.288246192856265,-2.41504088082208,0.0157334437056957,0.0157334437056957
4930523C07Rik,23.5829449688066,-1.57517702340718,0.653737348653973,-2.4094952302334,0.0159746048740919,0.0159746048740919
Zfp825,26.0132775267686,-1.45708028039606,0.605756242623923,-2.40539044894445,0.0161551948694158,0.0161551948694158
Slc16a5,6.19658515131348,3.25046026085196,1.35351946424507,2.40148763775992,0.0163285607798883,0.0163285607798883
Gng11,107.337660582551,-1.06017979970441,0.441563655419625,-2.40096707845419,0.0163518075478505,0.0163518075478505
Gas1,98.0032874741991,-0.817757969029696,0.341300965187839,-2.39600250933845,0.0165749768449582,0.0165749768449582
Gm10767,5.7051894458335,2.81119946429912,1.17423562071778,2.394067608493,0.0166626770538214,0.0166626770538214
Efcab6,50.3620289664897,0.980747762761805,0.409759317161022,2.39347275751244,0.016689720692102,0.016689720692102
Lcn11,3.37484376547062,5.24762011059888,2.19366864195106,2.39216625986486,0.0167492531495579,0.0167492531495579
Tpbg,95.3168846933974,0.851341539377802,0.355915734166448,2.39197500321709,0.0167579836608298,0.0167579836608298
Slc7a2,390.498550446329,-0.603174875832153,0.25218330470514,-2.39181129193862,0.0167654599503623,0.0167654599503623
0610009E02Rik,2.45885484759624,-4.72756767914601,1.97699056921147,-2.39129500806452,0.0167890565406663,0.0167890565406663
Gm26618,11.3286494583647,2.4753658137206,1.03595078058141,2.38946276224758,0.0168730342513999,0.0168730342513999
Suclg2,113.499478115184,-0.749273690186102,0.313878653229006,-2.38714446642994,0.016979817413622,0.016979817413622
Slc6a7,444.011349591236,0.695673778034069,0.291594718897439,2.38575575258876,0.017044066677445,0.017044066677445
Ss18l1,703.063568320134,0.451744667953188,0.189497394331574,2.38390965504647,0.0171298071569639,0.0171298071569639
Gm39624,2.7362603947834,4.93624478751552,2.07196553358234,2.3823971526114,0.017200335864087,0.017200335864087
Gm46805,41.0184184717804,1.499157950524,0.630346390988826,2.37830813653469,0.0173922853405259,0.0173922853405259
Rflnb,100.562682853744,-0.779151617044143,0.327627121235748,-2.37816580661982,0.0173990003874087,0.0173990003874087
Padi2,187.118922254942,-0.817613747401941,0.34437068470083,-2.37422575069721,0.0175857948084184,0.0175857948084184
Olig2,96.4477253986611,-0.896805171641328,0.378059919120584,-2.37212443394532,0.0176861332554692,0.0176861332554692
Gm46845,3.09640870035286,-5.05174744431516,2.13418123474708,-2.36706581524874,0.017929744033802,0.017929744033802
Nipsnap1,770.370196859617,0.467103131314223,0.197654985102801,2.36322464152008,0.0181166842288796,0.0181166842288796
Gpr62,61.1873190140399,-0.905530661928539,0.383685056548793,-2.36008842792496,0.0182705793315976,0.0182705793315976
2900076A07Rik,9.36891657726584,-2.33208451818238,0.989691541040001,-2.35637511434295,0.0184542717336073,0.0184542717336073
Apod,977.017886288134,-0.819654970708767,0.348146118698905,-2.35434183144706,0.0185555386349309,0.0185555386349309
Car2,1256.72212377076,-0.646868750068301,0.274762562938358,-2.35428270558615,0.0185584906379423,0.0185584906379423
Nkain3,137.639048343869,-0.785876394529578,0.334049118107262,-2.35257736641363,0.01864381090539,0.01864381090539
Itih5,565.626486137054,-0.749598868764854,0.318685760664991,-2.35215676784771,0.0186649066665031,0.0186649066665031
Pax6,96.1853342451215,-0.727717638298567,0.309583591805349,-2.3506337466235,0.0187414709385674,0.0187414709385674
Lrig3,13.4609065519805,-1.9304743333342,0.821668976998384,-2.34945505717687,0.018800913650585,0.018800913650585
Atf5,90.4956055764669,-0.994082628363087,0.424033548325956,-2.34434900796796,0.0190603263439925,0.0190603263439925
Allc,5.83912775160659,2.89194746604146,1.23927375887065,2.33358242707963,0.0196175976358631,0.0196175976358631
Serpinb6b,19.3570654740725,-1.88275503557869,0.807321408665368,-2.33210096421347,0.0196953803456133,0.0196953803456133
Oasl2,28.8164405985304,-1.45927188154458,0.625799059573596,-2.33185374637491,0.0197083864569694,0.0197083864569694
Ifi203,6.15012762869693,-3.14282053679316,1.35198262588376,-2.32460127565529,0.0200932905301841,0.0200932905301841
Nat10,144.952372069649,0.686096287696178,0.295415163084697,2.3224816239357,0.0202070167645485,0.0202070167645485
Rasa4,4.98736204246144,-3.1150853204588,1.34182909019337,-2.32152167755575,0.020258705527747,0.020258705527747
Rasgrp3,159.501871904044,-0.770888001930369,0.332119897559935,-2.32111357252016,0.0202807150568603,0.0202807150568603
Ribc1,2.66071410502086,-4.84763663749078,2.09006203699952,-2.31937452174866,0.0203747378929915,0.0203747378929915
Nuf2,28.128844366815,-1.93709445917662,0.835267512165555,-2.31913061499831,0.0203879552171029,0.0203879552171029
Wnt10b,3.20439831190413,-4.32938341330907,1.86795555788295,-2.31771221485364,0.0204649667310357,0.0204649667310357
Sphk1,7.93084607999144,-2.48281693766699,1.07153866872002,-2.31705771349602,0.0205005881049627,0.0205005881049627
Sowahc,138.755386291796,-0.788164644619516,0.340426109747905,-2.31522971373486,0.0206003639405221,0.0206003639405221
Six3,7.60935369788974,-2.4962500536959,1.07833105647545,-2.31491992992852,0.0206173144451466,0.0206173144451466
Parp12,48.9312539781316,-0.97781819264318,0.422537844532886,-2.31415530063148,0.0206592048879098,0.0206592048879098
Esp24,3.13519205266878,5.13977165634726,2.2218194808847,2.31331649603715,0.0207052443844096,0.0207052443844096
Alg10b,399.728978081463,0.635176952704214,0.274673951953752,2.31247611281015,0.0207514602027705,0.0207514602027705
Eci2,239.767878477538,-0.575026982153667,0.24892900185584,-2.31000396846759,0.020887934418105,0.020887934418105
Fam160b1,460.576734859035,0.448458710400085,0.194259910595694,2.30854996805515,0.0209685670083054,0.0209685670083054
Scara3,305.091571204443,-0.579965716398592,0.251234225611658,-2.30846619319721,0.0209732210536468,0.0209732210536468
Cdhr4,2.69245385065841,-4.86316045194844,2.10883964172849,-2.30608357113507,0.0211059631135731,0.0211059631135731
2610035D17Rik,86.8796358507431,0.869085058414815,0.377151936538303,2.30433672538376,0.0212037489060026,0.0212037489060026
Siglech,188.117195195954,-0.653255615553046,0.283546666989496,-2.30387337114157,0.0212297529096513,0.0212297529096513
Pmp22,181.962386130969,-1.00799611622124,0.437666462385345,-2.30311482110718,0.0212723836239615,0.0212723836239615
Mlf1,9.81573152228799,-2.53926207893677,1.10401336894863,-2.30002837860103,0.0214466123324157,0.0214466123324157
D1Pas1,8.68555484162891,2.41600061426916,1.05047082421469,2.2999216718611,0.0214526580513929,0.0214526580513929
Gm3279,12.1731648490373,-2.12023704625911,0.922675495096269,-2.29792278816063,0.0215661840422302,0.0215661840422302
LOC118568509,3.10394070165007,5.12077334327055,2.23256233678761,2.29367541451888,0.0218091499666822,0.0218091499666822
Cep128,48.6049755515018,-1.03421169487334,0.451077232378927,-2.29275968866579,0.0218618440121297,0.0218618440121297
Gm16322,5.74687458422721,2.52086430026662,1.09957531944304,2.29257992216804,0.0218722013993763,0.0218722013993763
Cass4,4.43472670681511,-4.00495328425718,1.74796196788071,-2.29121305717705,0.0219510941456232,0.0219510941456232
Msh5,2.66955382975064,-4.85202773515644,2.12002490862727,-2.28866543756703,0.0220987986421334,0.0220987986421334
Kctd2,433.388362502379,0.544512601801754,0.238109701481917,2.28681401225102,0.0222066812627672,0.0222066812627672
Zfp874a,136.588392294194,-0.655217939095468,0.286742595774262,-2.28503873770916,0.0223105564304792,0.0223105564304792
Gab1,235.326433506869,-0.70598059374632,0.30926198177405,-2.28279140454489,0.0224426585214968,0.0224426585214968
Kpna2,17.3278589293673,1.65498961684711,0.72554870228629,2.28101795459359,0.0225473844537673,0.0225473844537673
Lpar1,247.881793411883,-1.08150981491419,0.474192448515484,-2.28074027391197,0.0225638204812018,0.0225638204812018
Chchd5,37.2014775945628,-1.09303840050571,0.479555466628776,-2.27927419572475,0.0226507709595916,0.0226507709595916
Haspin,2.54475799070915,-4.77435012309851,2.09983494691779,-2.27367876227913,0.0229853080014923,0.0229853080014923
Tmem273,5.46954565944146,-3.67391849177878,1.61778824329595,-2.27095140974313,0.0231499195856356,0.0231499195856356
Asf1a,52.6909460799817,0.996119628731074,0.438685966475933,2.2706895247485,0.0231657796031033,0.0231657796031033
Inhbb,69.4108810251987,-0.836070570279898,0.368411355405328,-2.2693941378654,0.0232443683610656,0.0232443683610656
Ell3,53.4674887576504,-1.2307309673972,0.542454299242212,-2.26881963903039,0.0232792961842767,0.0232792961842767
Slc16a3,10.9417460169456,2.14408150886563,0.945752054358225,2.2670651350798,0.023386247024318,0.023386247024318
Gm52134,3.13278425528371,-5.08196222293523,2.24194343337947,-2.26676647915009,0.0234044948731073,0.0234044948731073
Ccdc28a,119.267826415535,0.721990642687652,0.319166979672632,2.26210945577201,0.023690641535826,0.023690641535826
Gm6980,8.14288838706628,2.60740634996532,1.15340664825121,2.26061324851791,0.0237832166292857,0.0237832166292857
Zrsr1,651.819522018029,0.424178967425975,0.187722661890852,2.2596044779751,0.0238458094363687,0.0238458094363687
Pde3a,55.3528896544875,-1.34011962301101,0.593247915950856,-2.25895378134294,0.0238862600234711,0.0238862600234711
Cdkl1,264.678715185901,0.520901361329349,0.230801487898801,2.25692375760483,0.0240128392455113,0.0240128392455113
Hba-a1,15.3773126893423,-1.63581223364128,0.726055182434907,-2.25301364581602,0.0242582885850797,0.0242582885850797
Chsy1,167.805305927888,-0.65220152632512,0.289488799279851,-2.25294217927455,0.024262794916092,0.024262794916092
LOC118568531,2.96856364348926,4.28005289832079,1.89985504251378,2.25283129635915,0.0242697880874395,0.0242697880874395
Gjb2,188.959136120716,-1.07123246043722,0.475728725318005,-2.25177165772604,0.024336705625288,0.024336705625288
Lrrn4,6.04576333743369,3.59435376512344,1.59691903707963,2.25080525791503,0.0243978743837863,0.0243978743837863
Zfp40,168.444725864864,-0.610586411795023,0.27177688637951,-2.24664584221632,0.0246626699707341,0.0246626699707341
Scgb2b7,17.3535222529568,7.60421391333576,3.38561123800201,2.24603871465861,0.0247015282361824,0.0247015282361824
Itgb4,12.0875361203422,-2.23513175466574,0.998226356439472,-2.23910312550565,0.0251492069594844,0.0251492069594844
Ctnna1,684.439208593268,-0.503838406291241,0.225075488685065,-2.23853076687632,0.0251864633620911,0.0251864633620911
Kcnd1,87.5837286488626,0.736107836812037,0.32889186930144,2.23814543781674,0.025211572393824,0.025211572393824
Neb,20.5694252307356,1.40487020501366,0.627942256567856,2.23726017849517,0.0252693402483094,0.0252693402483094
Ksr2,80.9074223576866,0.879576270895054,0.393669855552766,2.23429927003176,0.0254633883419837,0.0254633883419837
Casp6,23.1174803450942,-1.26080501077344,0.565541641429018,-2.22937608553036,0.0257888920373219,0.0257888920373219
Gm15743,7.95752030820229,-2.36723572314976,1.06204222769679,-2.22894689251997,0.0258174385542932,0.0258174385542932
Tmem163,99.5847207765649,0.712204957184776,0.320000121418453,2.22563964672204,0.0260383283322468,0.0260383283322468
Gm45994,11.6154187531561,-2.41690330557185,1.08736726107316,-2.22271112263076,0.0262352854126172,0.0262352854126172
Gstk1,91.5558387195001,-0.828708915851627,0.373663391253092,-2.21779530789068,0.026568792200583,0.026568792200583
Fth1,12836.2152099506,-0.508776980471169,0.229444792262721,-2.2174265776693,0.0265939552038655,0.0265939552038655
Fcer1g,75.8914100730538,-0.706531585112675,0.318670644469227,-2.21712165012709,0.0266147797125735,0.0266147797125735
Scgb1b24,2.89910088943936,5.02701706181147,2.2686058254429,2.21590591253553,0.0266979465317027,0.0266979465317027
Ppp3r2,3.82854455825181,-3.79499676508531,1.71353995644431,-2.21471156876909,0.026779868290889,0.026779868290889
Gm34466,2.92078607943327,4.24680726433968,1.91762632193637,2.21461669343971,0.0267863852231265,0.0267863852231265
LOC118568650,2.35460258153323,4.72354762276298,2.13478910715359,2.21265304705489,0.0269215747949054,0.0269215747949054
Crim1,1220.35215497131,0.474111185246994,0.214373478902611,2.21161305807973,0.0269934123860764,0.0269934123860764
Rho,1.98991653392494,4.4802589315443,2.02580175367017,2.2115979134816,0.0269944597255822,0.0269944597255822
Bbs9,179.735543400421,0.606791392835223,0.274739063859253,2.20860981438766,0.0272017921162642,0.0272017921162642
H13,426.306369697931,0.57588442037845,0.26075742345132,2.20850633035174,0.0272089970182669,0.0272089970182669
Enpp2,2717.64029743084,-0.710651347468631,0.321983502562573,-2.20710484174737,0.0273067356068382,0.0273067356068382
Gm12500,3.40817132687457,-3.61794757188624,1.63941055976036,-2.20685877027356,0.0273239276444786,0.0273239276444786
Hspb8,187.121306293624,-0.855470627588521,0.387731480046943,-2.20634813424216,0.0273596335594574,0.0273596335594574
Tmem63a,101.456835446358,-1.06662357627512,0.483587676909382,-2.20564672592967,0.0274087447334312,0.0274087447334312
Gm16938,9.80735511070775,2.3881848188662,1.08302908033526,2.20509759361856,0.0274472469160338,0.0274472469160338
Apaf1,169.015528773111,0.66534334132512,0.301954272742377,2.20345728272831,0.0275625346038679,0.0275625346038679
Zfp820,5.6464458783544,-2.97085417857387,1.34842838380554,-2.20319759970456,0.0275808244216456,0.0275808244216456
Ptpre,296.479378397448,0.593984317418675,0.269601285795352,2.20319541750834,0.0275809781609451,0.0275809781609451
Nudcd1,227.936311763063,0.547034041820395,0.248308307000855,2.20304366143704,0.0275916714380515,0.0275916714380515
Acvr2b,195.848580084231,0.553915446814575,0.251532066929629,2.20216632247348,0.0276535620075049,0.0276535620075049
Arhgap36,14.3483520933929,-1.91618394836034,0.870688402106355,-2.20076889013881,0.0277523890161787,0.0277523890161787
Klhl1,24.3227986386504,1.61820685354292,0.736019560423995,2.19859218498314,0.0279069331617684,0.0279069331617684
Gm44764,6.17339823440192,-2.75399557409554,1.25293282836968,-2.19803928170599,0.0279463067698008,0.0279463067698008
Tnik,970.742968337795,0.416124501216624,0.189824688093081,2.19215163947788,0.0283685590761059,0.0283685590761059
Pla2g7,1895.55287275554,-0.550350532335896,0.251195952886992,-2.19092117532438,0.0284574970952069,0.0284574970952069
Gm9884,4.73192370035464,2.84518270777437,1.29982848712101,2.18889086980711,0.0286047728433468,0.0286047728433468
Cyb5r4,234.596495275862,0.524217004949204,0.239542919867523,2.18840533979931,0.0286400896696126,0.0286400896696126
Vim,359.785969569673,-0.802962985401372,0.366953390175622,-2.18818794675007,0.0286559147264122,0.0286559147264122
Entpd3,75.8684336777995,0.794743193618743,0.363219909372963,2.18804964460988,0.0286659863047589,0.0286659863047589
Atp5md,387.149110536883,-0.542258408680209,0.248144222522777,-2.18525502293504,0.0288701531813756,0.0288701531813756
Tgm2,98.5687957436551,-0.858545303593656,0.392958741706382,-2.18482301695469,0.0289018257305449,0.0289018257305449
Emp2,550.385726855828,-0.430618431903614,0.197328965318161,-2.18223630377483,0.0290920972525501,0.0290920972525501
Efemp1,132.62165719225,-0.885277557840377,0.406627627406143,-2.1771210271361,0.0294715385706253,0.0294715385706253
Plekhb1,2265.99746444176,-0.823439020005027,0.378368745585462,-2.17628709985253,0.0295337995362373,0.0295337995362373
Scgb2b20,14.7179012491998,7.36652606856958,3.38601256533281,2.17557552620763,0.0295870150042041,0.0295870150042041
Etv3,374.788191618509,0.468689775081829,0.21549678205751,2.17492702492768,0.0296355853722653,0.0296355853722653
Edn3,86.6448443050421,-0.858437072982307,0.39469822136308,-2.17492004402178,0.0296361085893374,0.0296361085893374
Pnp,75.8792973249002,-0.750929866405621,0.345367976075875,-2.17428921736695,0.0296834216872699,0.0296834216872699
Arsg,96.7015911552155,-1.17605885999748,0.540972890535435,-2.1739700465091,0.0297073847933011,0.0297073847933011
Peak1,729.539635519227,0.508460101108305,0.233914762254958,2.17369821471167,0.0297278068336801,0.0297278068336801
Ksr1,280.311151064339,0.755930801238921,0.347873165590689,2.17300693474114,0.0297797953535957,0.0297797953535957
Evpl,3.61783956932456,3.81281221442616,1.75479620577442,2.17279488175295,0.0297957587066893,0.0297957587066893
Prox2,5.67054514831199,2.8414899050599,1.30818692442907,2.17208248454249,0.0298494418713817,0.0298494418713817
Axl,509.666640668874,-0.427017530445075,0.196641961276921,-2.17154836979951,0.0298897449660614,0.0298897449660614
Bmp6,93.2268550714881,-0.856292859300485,0.394325946945465,-2.17153566975117,0.0298907038522149,0.0298907038522149
2500004C02Rik,74.0152109342759,-0.905997324347821,0.417420924839503,-2.17046456091336,0.0299716705362913,0.0299716705362913
Gm41393,2.82116298252827,4.98207976487921,2.29770406977585,2.16828608627796,0.0301369263955838,0.0301369263955838
Rad54b,11.2329251682744,-2.22751348659872,1.02773906589985,-2.16739205553931,0.0302049725223324,0.0302049725223324
Ccdc190,241.791737600363,-0.668668058115345,0.308627692274767,-2.16658477140165,0.0302665296133374,0.0302665296133374
Fads2b,3.52784001735991,-4.47475607009731,2.06658940697871,-2.16528549647375,0.0303658283694943,0.0303658283694943
Rnf150,999.748423019799,0.466380254806688,0.21540016327695,2.16518060019778,0.0303738573983912,0.0303738573983912
Prdx6,2252.74062365945,-0.469614910151366,0.217333544589697,-2.16080270092658,0.0307105833550786,0.0307105833550786
Csrp1,1519.93142188604,-0.536294629334478,0.248203328376729,-2.16070684000046,0.0307179922145842,0.0307179922145842
Tek,236.356046001974,-0.638233559404457,0.295764337579728,-2.15791249420803,0.0309346359028455,0.0309346359028455
Dock3,3303.05940443037,0.378961760820046,0.175668761893891,2.15725184565796,0.0309860468077675,0.0309860468077675
Padi6,4.1291233944021,3.98804666284025,1.84935925111248,2.15644778614066,0.0310487167206722,0.0310487167206722
Zc3h18,147.436392995601,0.64748165433582,0.300265324006698,2.15636506305795,0.0310551704812179,0.0310551704812179
Gm1943,58.7357153635925,-0.92365559063589,0.428440684003982,-2.15585406596752,0.0310950621841726,0.0310950621841726
Rbm41,90.210613740262,-0.742620675483552,0.344611296870626,-2.154951628769,0.0311656196259821,0.0311656196259821
LOC118568745,2.42524155443775,-4.71397045548792,2.18876543691112,-2.15371203144568,0.0312627620246956,0.0312627620246956
Chkb,2.41781270301927,3.97180203794476,1.84425184843554,2.15361152616656,0.0312706496047295,0.0312706496047295
Gm34268,2.75684849020359,4.17187166377934,1.94104584122132,2.1492906427982,0.0316113678002444,0.0316113678002444
Gpr37l1,1394.71723943038,-0.469131011123413,0.218357557507481,-2.14845328221507,0.031677763890918,0.031677763890918
Tacr3,7.33055723434963,2.38757387850595,1.11149391216636,2.14807643332247,0.0317076840362635,0.0317076840362635
Aif1,60.1851518148619,-0.901252785839398,0.419750983698932,-2.14711298088541,0.0317842881206236,0.0317842881206236
Slc6a16,7.91708606703383,2.04644072823794,0.953938829046346,2.14525362206271,0.0319325744070979,0.0319325744070979
Enpp6,65.828295217726,-1.52390020819937,0.710361041329688,-2.14524744395732,0.0319330681059184,0.0319330681059184
Mrap2,58.0461566561743,0.843138547377243,0.393080674496013,2.14495039334679,0.0319568134507766,0.0319568134507766
Klf14,3.41254671647229,-4.42500218058742,2.06379033984523,-2.14411420344145,0.0320237372809482,0.0320237372809482
Gm2921,2.47546843840357,-4.74173023280212,2.21226966235304,-2.14337804902078,0.0320827542438325,0.0320827542438325
Acp1,127.151687909527,-0.877352115212752,0.410195341301307,-2.13886416269242,0.0324466711895328,0.0324466711895328
Gm40557,2.8028686583943,4.19939950283554,1.96345323019117,2.13878254814691,0.0324532835022578,0.0324532835022578
Nrep,1386.82891947478,-0.590921765109112,0.276379288247749,-2.13808266478856,0.0325100346229644,0.0325100346229644
Bco2,35.37161487992,-1.58709110874794,0.742380948289066,-2.13783922177103,0.0325297944919017,0.0325297944919017
Rida,347.389356972614,-0.660533119447854,0.309018755455655,-2.13751789425818,0.0325558918672073,0.0325558918672073
Arfgef3,504.854926072613,0.467049589623267,0.218525210175244,2.13728013005328,0.032575213992625,0.032575213992625
Nr4a2,404.568785793553,0.536742807711875,0.251191923365383,2.13678370116674,0.0326155884048494,0.0326155884048494
Hydin,5.26711361895866,-2.50073364743927,1.17167226017269,-2.13432862793106,0.0328158894271715,0.0328158894271715
Smco3,20.1718510476473,-1.61954460350402,0.758924592222176,-2.13399937240391,0.0328428321921707,0.0328428321921707
Nrg2,38.7487066252933,1.03510434286613,0.485659217942236,2.13133881665403,0.0330612394049746,0.0330612394049746
Fuca1,192.677601616461,-0.568968648751236,0.267036089421898,-2.1306807255266,0.033115454035195,0.033115454035195
Sox30,5.99386923256993,2.69069074800807,1.26296905863361,2.13044866745911,0.0331345894983573,0.0331345894983573
Slc38a11,67.6407115861734,-0.911812363592741,0.428045998418726,-2.13017378263348,0.0331572686913246,0.0331572686913246
Acox3,225.889141089966,0.489411391454242,0.229791621948993,2.12980520048236,0.0331876991692929,0.0331876991692929
Cps1,5.9376709334847,2.66682133363693,1.2534911500601,2.12751508736943,0.0333773090884085,0.0333773090884085
Chac2,124.092591699606,-0.609077197486964,0.286475388891508,-2.12610653865847,0.0334943896187712,0.0334943896187712
Gm41915,2.31766292918329,-4.648440897735,2.18692689413148,-2.12555843096945,0.0335400439551831,0.0335400439551831
Rlbp1,273.025377468997,-0.45622434135229,0.214750633423791,-2.1244376981742,0.0336335605098552,0.0336335605098552
Rassf2,665.074971178645,-0.430922094662591,0.202969662207086,-2.12308622863514,0.0337466268019891,0.0337466268019891
Vcpkmt,120.217536321805,-0.632860797200008,0.298126826914971,-2.12279050412497,0.0337714109267717,0.0337714109267717
Hps5,86.8205239465474,-0.767600807073019,0.361657312056811,-2.12245344275644,0.0337996783963638,0.0337996783963638
Tecpr2,733.129247778654,0.425699944513775,0.200730034729095,2.12075858547177,0.0339421235224269,0.0339421235224269
Syt10,260.122085707714,0.837274431571279,0.39490994788723,2.120165460634,0.0339920940807691,0.0339920940807691
Gm36195,2.79157817487636,-4.91554224235224,2.31984136317575,-2.11891309482606,0.0340978120825512,0.0340978120825512
Snhg5,23.7133164022553,-1.29198586705737,0.610084843254895,-2.11771507084889,0.0341992057230218,0.0341992057230218
Pip,12.6727820720479,7.15070985916619,3.38643884219865,2.11157212410297,0.034723165628899,0.034723165628899
Trmt11,56.0615445784737,-1.07630744491671,0.509892509973395,-2.11085164787549,0.0347850652048287,0.0347850652048287
Ptx3,2.25609925283268,4.66070457294593,2.20838365309462,2.11045964156403,0.0348187839184813,0.0348187839184813
Gm15787,2.85941711514434,-4.15910426514204,1.97155067010397,-2.10955991555759,0.0348962800803352,0.0348962800803352
Tmbim1,259.808666621515,-0.70466382934496,0.334058161293791,-2.10940462168573,0.0349096709110722,0.0349096709110722
Tmem144,87.2750734312319,-0.778254958202101,0.369074185916371,-2.10866808869273,0.0349732411604261,0.0349732411604261
Gm39476,2.69236610807935,4.91467028989447,2.3340581201638,2.1056332091463,0.0352362256494867,0.0352362256494867
Mcmdc2,2.69236610807935,4.91467028989447,2.3340581201638,2.1056332091463,0.0352362256494867,0.0352362256494867
Myl4,37.8988559608788,1.27161068117751,0.60400448022412,2.10530008106176,0.0352651950703503,0.0352651950703503
Htr5a,341.5973664243,0.432672219159307,0.20593913286136,2.10097135569948,0.0356434807963874,0.0356434807963874
Gm27008,2.83300033848217,4.99665433152826,2.38101944510089,2.09853570990746,0.035857848815485,0.035857848815485
Podxl,558.821613092946,-0.43957373819138,0.209545015189828,-2.09775325742379,0.0359269475760515,0.0359269475760515
Gpr26,348.1933626537,0.489604413252448,0.23350348182517,2.09677564302457,0.0360134407081484,0.0360134407081484
Ppic,19.0026136020418,-1.60141927832206,0.764658073788936,-2.09429460462886,0.0362337446725316,0.0362337446725316
Snx31,2.18910958650832,4.62420775915148,2.21079798419157,2.09164645174147,0.0364701539362822,0.0364701539362822
Atp1a2,9136.65645904576,-0.450472382258904,0.215554582359824,-2.08982976528392,0.0366330945309915,0.0366330945309915
Ywhaq,916.036362574071,-0.427151502316929,0.204455324717762,-2.08921681500144,0.0366882104583644,0.0366882104583644
Itga8,52.7712027852116,0.849581527470773,0.407812166248414,2.08326675313865,0.0372269154508956,0.0372269154508956
Abca9,149.316820911429,-0.716069308206094,0.343820117049006,-2.08268589503165,0.0372798639653456,0.0372798639653456
Slc40a1,214.868227915158,-0.641008803452142,0.307978303964998,-2.08134402715911,0.0374024279975735,0.0374024279975735
Tnni1,4.89109812860986,-2.76987093028061,1.33089521326293,-2.0812088755581,0.0374147915142861,0.0374147915142861
Gm13584,5.88037062042181,-2.75040748876058,1.32340560753097,-2.07828006252135,0.0376835716808034,0.0376835716808034
Cybrd1,62.8465900481303,-0.908337235779995,0.438079022897735,-2.07345521767208,0.0381299346642501,0.0381299346642501
Gm31586,2.20075737957322,-4.56338807882049,2.20149376033295,-2.07285987407492,0.0381853222953865,0.0381853222953865
Zscan18,183.70286625848,0.522555715758895,0.252259376799982,2.0715016519415,0.0383119402361604,0.0383119402361604
Otx2,2.63577644120026,-4.83365973462228,2.33440441889925,-2.07061796811604,0.0383945116648605,0.0383945116648605
Gm31096,20.3698056621016,-1.28920463707578,0.623353209556079,-2.06817678534756,0.0386234023776715,0.0386234023776715
Tm4sf1,167.243716612163,-0.834331764618125,0.403468444139546,-2.06789843601637,0.0386495745256273,0.0386495745256273
Gbp5,15.1470830807913,-1.51346835519449,0.732319215431425,-2.0666784693105,0.03876446128294,0.03876446128294
Skap2,67.0797822994246,-0.963461065595246,0.466212095279186,-2.06657243634635,0.0387744603150176,0.0387744603150176
8430432A02Rik,2.15828742800063,-4.54205976865383,2.19816991093129,-2.06629148459662,0.0388009649886236,0.0388009649886236
4732491K20Rik,23.590479533967,1.18509690220479,0.573902342185437,2.06498007603855,0.0389248855054444,0.0389248855054444
Nde1,124.438245290028,-0.760876821975325,0.368854773627887,-2.06280866177138,0.0391308107628906,0.0391308107628906
Epyc,7.31303019389212,-2.40882255053674,1.16785399795527,-2.06260590343846,0.039150086415519,0.039150086415519
Carnmt1,27.8653381109235,-1.1542675921127,0.559689222552819,-2.06233664255304,0.039175696738845,0.039175696738845
Olfml3,262.065497180663,-0.572079964656089,0.277477978922344,-2.06171302990567,0.0392350653055131,0.0392350653055131
Clec4n,2.70472662589551,-4.06666849425826,1.97264739634278,-2.06152833080951,0.0392526635073906,0.0392526635073906
Atp4a,5.15989257005907,-2.77873590608491,1.34881507335991,-2.06013111876267,0.0393860076692673,0.0393860076692673
Hspa1l,86.2067511017674,-0.636787632659511,0.309309034171873,-2.05874243008909,0.0395189192598082,0.0395189192598082
Gjb1,29.1310153261681,-1.703138025389,0.827340362435376,-2.05856997037544,0.0395354519499421,0.0395354519499421
Tbc1d2,2.62696893281929,-4.0383049735752,1.961904929125,-2.05835915574985,0.0395556694722684,0.0395556694722684
Gpr88,573.442114207063,-0.539606894141406,0.262199281498455,-2.05800294744357,0.0395898504654145,0.0395898504654145
Tpk1,31.2717519440401,1.04685408470096,0.508868743087074,2.05721828845328,0.0396652331211779,0.0396652331211779
Cd300lf,4.41470433492049,-2.9024272989321,1.41147806185509,-2.05630351428733,0.0397532697776815,0.0397532697776815
Zfas1,149.366225286569,-0.570346588456046,0.277519159436518,-2.05516112694378,0.0398634444072448,0.0398634444072448
Panx1,208.208056210957,0.483468735808632,0.23544292071101,2.05344350277601,0.0400295838346433,0.0400295838346433
Havcr2,38.7192821338594,-0.999969704004839,0.486986203653597,-2.05338405175054,0.0400353448137829,0.0400353448137829
C030037D09Rik,13.258084898111,-1.70424383284935,0.830746075765101,-2.05146179147434,0.0402219968691529,0.0402219968691529
Mlc1,2160.80855928613,-0.413998153615935,0.201855117459882,-2.05096684605093,0.0402701755246072,0.0402701755246072
Dhrs4,51.696352438442,-0.852051191979442,0.41553061614391,-2.05051362974504,0.0403143351280136,0.0403143351280136
Cdh13,1208.71622672342,0.653487184990335,0.318829735002306,2.04964315823807,0.0403992656101456,0.0403992656101456
Layn,78.9735095966688,-0.970477684656817,0.473492716244549,-2.04961481214335,0.0404020338409773,0.0404020338409773
Ccdc172,2.08208318738972,-4.47628588878176,2.1844046773995,-2.04920175052487,0.0404423909796334,0.0404423909796334
Rad54l,5.57270582882314,2.5629825203989,1.25185804090421,2.04734277901644,0.0406244403895825,0.0406244403895825
Scgb1b3,10.9018244292957,6.93344992327664,3.38693739764579,2.04711487377829,0.0406468069194895,0.0406468069194895
LOC118568243,2.72635894917344,4.13552034107822,2.02096849615105,2.04630618881707,0.0407262551927012,0.0407262551927012
Chst3,30.6426981836257,-1.06692579118932,0.521543006574511,-2.04571009051944,0.0407849023803851,0.0407849023803851
Arhgef11,412.288431207089,0.476441041711938,0.233294865525551,2.04222686443889,0.0411290328519821,0.0411290328519821
1500012K07Rik,2.14289227283103,-4.53254295160991,2.22144760715683,-2.04035554879055,0.0413149258506242,0.0413149258506242
Elk3,85.0547210552431,-0.728006537649615,0.356878752172027,-2.03992681889532,0.0413576151271023,0.0413576151271023
Rnase6,1.8022133625466,-4.28201435189572,2.10087087243038,-2.03820920556726,0.0415290152738794,0.0415290152738794
Ccdc171,13.4955606105195,1.73409736022194,0.850876463878381,2.03801307691337,0.041548625104087,0.041548625104087
Tekt5,36.2794760154546,1.04358705585342,0.512652969706537,2.03565982744782,0.0417845256759863,0.0417845256759863
S100a8,6.06926392735526,-3.43568122658748,1.68839145041307,-2.03488428334964,0.0418625177652261,0.0418625177652261
S100a6,118.079674524559,-0.710220619984049,0.349323237871739,-2.03313304981108,0.0420390827718705,0.0420390827718705
Stk38,176.199115997459,-0.544533937699193,0.267889809215021,-2.03267880661382,0.0420849838290577,0.0420849838290577
Spidr,29.0368387562135,-1.26966636238557,0.624904695980492,-2.03177599808789,0.0421763381091041,0.0421763381091041
Muc3a,10.2156670644753,1.73009580765565,0.852249851078313,2.03003356992863,0.0423531270921198,0.0423531270921198
Gm35833,2.60708432237675,-4.01487627489461,1.97797066858245,-2.02979565807816,0.042377314501242,0.042377314501242
Gm33250,2.5377226222205,4.02840946693748,1.98493942677873,2.02948735492398,0.0424086756524098,0.0424086756524098
Morn1,63.9915490685664,0.773600158729511,0.381527027179299,2.02764182775958,0.0425968167462386,0.0425968167462386
Gm32245,2.07797160299838,4.54342310503522,2.24257418017299,2.02598564863739,0.0427662553315396,0.0427662553315396
Cd209a,15.9000942100875,-1.91590955164225,0.945821495640416,-2.02565659638025,0.0427999874220717,0.0427999874220717
Cetn4,44.4071302049191,0.830677557858947,0.410120259572942,2.02544872746333,0.0428213082521708,0.0428213082521708
Chst9,7.95135992903248,-2.38144818039786,1.17592579980354,-2.02516874856877,0.0428500394952332,0.0428500394952332
Spata33,39.7771022014471,-0.886259721757797,0.437799593787926,-2.02435026056034,0.0429341256524427,0.0429341256524427
Gbp3,35.6556776521798,-1.05976685895519,0.524740517681016,-2.01960173313587,0.0434247152441201,0.0434247152441201
Sp1,324.033510408108,-0.522700981142719,0.258894847994374,-2.01897019269413,0.0434903176768122,0.0434903176768122
Aldh1a1,181.474668779272,-1.01153306415502,0.501045273175187,-2.0188456379297,0.0435032659127551,0.0435032659127551
D930020B18Rik,2.57695625231866,4.06371928104123,2.01339848980058,2.01833829797087,0.0435560406820853,0.0435560406820853
Ggta1,70.5351969181037,-0.780469687693014,0.386737436423127,-2.01808672806919,0.043582229661038,0.043582229661038
Gon7,75.8534947267868,-0.739451613543894,0.366747021974601,-2.01624435711193,0.0437744301908576,0.0437744301908576
F630042J09Rik,26.1106355325816,1.56691881285514,0.777345638983345,2.01572985590353,0.0438282318646631,0.0438282318646631
Tprkb,780.386397610829,-0.46408503312146,0.230427416994702,-2.01401829337058,0.0440076129025665,0.0440076129025665
Gm19531,13.7696886354086,1.68540816792739,0.836853932438729,2.0139812966115,0.0440114971970867,0.0440114971970867
Gm40760,2.17555613069117,-4.54787410953374,2.25962972327949,-2.01266343006554,0.0441500490789728,0.0441500490789728
Ccdc122,12.5322567538005,-1.67632501069988,0.833266180476068,-2.01175212672396,0.0442460727274527,0.0442460727274527
Mrpl42,266.986027878553,-0.453913747716725,0.225708640599219,-2.01106057132619,0.0443190592074118,0.0443190592074118
Rbm38,3.56079674466772,3.182303473984,1.58243712956401,2.01101415944454,0.0443239611349443,0.0443239611349443
P2ry10b,4.08494742450202,-3.24120567014023,1.6148807909404,-2.00708664585252,0.0447404378981828,0.0447404378981828
Nol7,311.767852274889,-0.45490390682135,0.227077713631484,-2.00329613834142,0.0451455117470551,0.0451455117470551
Rilp,7.63838030327786,-2.1217450672728,1.05918101917159,-2.00319400448874,0.0451564689547287,0.0451564689547287
2700046A07Rik,2.48083617155935,-4.74729636581748,2.37224218808546,-2.00118537207571,0.0453724167645253,0.0453724167645253
LOC115489419,2.42691856298054,4.77100721858648,2.38437863702787,2.00094361880944,0.045398466216808,0.045398466216808
Sall1,134.852453409216,-0.637871825066587,0.31914846984357,-1.99866797224263,0.0456442905481972,0.0456442905481972
Lipo1,2.44417347377943,4.77782220322102,2.39129282259311,1.99800800557749,0.0457157922084038,0.0457157922084038
Nrap,2.07922023407332,-4.49221324303301,2.24913302226439,-1.99730882903063,0.0457916448409993,0.0457916448409993
Fbxo40,2.14873340094324,-4.54100488518032,2.27543230626337,-1.99566687731413,0.0459701947194227,0.0459701947194227
Cdkn2c,26.3384529155746,-1.16292673525407,0.583231740678089,-1.9939359505743,0.0461590545137034,0.0461590545137034
Slc25a40,83.1169415816749,-0.783534378168363,0.393215965010493,-1.99263114392483,0.0463018522726109,0.0463018522726109
Oip5,5.69184965293929,2.82672855641696,1.41876863739543,1.99238162016765,0.0463292024207044,0.0463292024207044
Lrrd1,4.87894617363141,-3.54764291210256,1.78292748837879,-1.98978530267006,0.0466145911398412,0.0466145911398412
Megf10,277.021811213706,-0.669151595401063,0.336454172248498,-1.98883429184181,0.0467194963804958,0.0467194963804958
Lmln,120.703407442671,0.546434671241562,0.274967394185979,1.98727079208516,0.0468923965744601,0.0468923965744601
Pla2g4a,47.6401037570968,-0.928783317997776,0.467516080921881,-1.98663394886083,0.0469629762587767,0.0469629762587767
Gm20684,2.54451157885977,-3.98869400538861,2.00783159221347,-1.98656800742507,0.0469702894807267,0.0469702894807267
Gm39307,2.04783209501233,4.51358992323335,2.27309974519217,1.98565414156595,0.0470717402803241,0.0470717402803241
Osbpl11,250.426822689359,0.472193099852215,0.237802740948172,1.98565036706254,0.0470721596804072,0.0470721596804072
B2m,904.836172758566,-0.462789165842335,0.233197323352356,-1.98453892690299,0.0471957930283957,0.0471957930283957
Rpl7,628.368942960828,-0.494121390534804,0.249092264970757,-1.98368821525956,0.0472906081238374,0.0472906081238374
S100b,1083.93063651216,-0.5728001384885,0.288798548372417,-1.98338995024951,0.0473238888154913,0.0473238888154913
Elovl5,1364.73675930432,-0.494982672624158,0.249609245207489,-1.98303020472139,0.0473640557636617,0.0473640557636617
Msl3l2,154.086123149344,-0.604823075423626,0.305116085827909,-1.98227200569411,0.047448805440676,0.047448805440676
Ppp1cc,78.447422471139,0.646041169349514,0.326024165034273,1.98157449243555,0.0475268843791249,0.0475268843791249
Carmil3,29.29090725039,1.44384600881572,0.728862845450237,1.98095707282736,0.0475960878150833,0.0475960878150833
2500002B13Rik,4.10122183961681,-2.79812266894158,1.41274262907121,-1.98063158240024,0.0476326044762793,0.0476326044762793
Lpar6,20.8809419931289,-1.15424883768161,0.58277103202166,-1.98062150357314,0.0476337355923208,0.0476337355923208
E430024I08Rik,56.5691005903413,-0.824051592269134,0.416444379576181,-1.97877947856513,0.0478408399555021,0.0478408399555021
2700046G09Rik,16.6819005169164,-1.59013108094586,0.803727909600602,-1.97844452326664,0.0478785811813745,0.0478785811813745
Mpzl3,99.0728028858203,-0.703808375579527,0.355959860592733,-1.97721275204336,0.0480175867789908,0.0480175867789908
Stum,3404.37341288607,0.403141937625486,0.203913200131122,1.9770271731612,0.0480385587537398,0.0480385587537398
Gm34969,9.24941711420607,-2.31373629460667,1.17072813478054,-1.97632244914007,0.0481182686159475,0.0481182686159475
Gm52797,3.53396582266324,-3.64741618640108,1.846646490031,-1.97515669950444,0.0482503680598865,0.0482503680598865
Cfap126,6.30325682786603,-2.77361131195548,1.40534553459474,-1.97361520258098,0.0484255137677723,0.0484255137677723
Ddr2,163.995586527195,-0.921464474369124,0.466919169064791,-1.97349891677131,0.0484387478561319,0.0484387478561319
Pgf,23.1444041609699,1.23095335008558,0.623866588213293,1.97310350216212,0.048483771361391,0.048483771361391
Fam216b,2.59692022763134,-4.81271143448552,2.43963959022634,-1.97271410652875,0.0485281438641173,0.0485281438641173
Ankrd54,47.1480276255478,-0.888373442182983,0.450387925849777,-1.97246282858678,0.048556795647511,0.048556795647511
Rnf122,26.6021381461817,-1.02880211910181,0.522376556128938,-1.96946456924815,0.0488997673540149,0.0488997673540149
LOC118567548,5.20056726995467,-2.73892439239416,1.39142136760842,-1.96843634585103,0.0490178533993771,0.0490178533993771
4930594M22Rik,2.40673345400512,3.96687451427462,2.01562965461127,1.96805722975914,0.0490614532369504,0.0490614532369504
Ggt5,10.5439885384672,-1.68660421902366,0.857236552268552,-1.96748985395023,0.049126764481276,0.049126764481276
Gm32771,5.67372349029924,-3.05107919399935,1.55079461168204,-1.96742958159369,0.0491337067827483,0.0491337067827483
Gja1,3451.06385386561,-0.427365199324662,0.217341673508005,-1.96632883342973,0.0492606382433337,0.0492606382433337
Ankrd7,6.97231530565699,-2.08319857265744,1.05982945970105,-1.96559791161595,0.0493450755407258,0.0493450755407258
Gm40371,11.4959335739736,1.66029683506529,0.844854223390545,1.96518735315335,0.04939255717097,0.04939255717097
4833419F23Rik,1.70215653671462,-4.19827754827149,2.13733895428025,-1.96425444820719,0.0495005913833385,0.0495005913833385
Cyyr1,62.8956659648454,-0.848108194818675,0.431989299443384,-1.96326204355399,0.0496157334215458,0.0496157334215458
Tgfbr2,204.630918524427,-0.527976008857611,0.26893961545082,-1.96317678216566,0.049625636197442,0.049625636197442
Gm38786,1.96588408662974,4.45837814586991,2.27182318507095,1.96246705076684,0.0497081330676943,0.0497081330676943
Chaf1a,15.1867501319226,1.43853087378223,0.733051369181614,1.96238754098259,0.0497173821865552,0.0497173821865552
Selenop,2768.98455731195,-0.472003540976636,0.240587234973491,-1.96188106583728,0.0497763327047026,0.0497763327047026
Heatr5a,96.238259155851,-0.650449771941577,0.331570352446344,-1.96172476562673,0.0497945368966558,0.0497945368966558
Rnpc3,55.4118945985341,-0.760205206064145,0.387765610468768,-1.96047608539895,0.0499401704921632,0.0499401704921632
