Group,PRJNA529794_logFC,PRJNA529794_logCPM,PRJNA529794_LR,PRJNA529794_PValue,PRJNA529794_gene_names
group_100,1.42375146196384,8.12697856528798,6.86498850341486,0.00879008135978457,AT2B2|AT2B4|AT2B1|AT2B3
group_10004,3.80461866608932,8.06113492504459,13.9103645065279,0.000191738241042589,RM21
group_10021,-4.71946492215015,5.32734148823269,11.2113511038415,0.000812985068832787,SNP29
group_10022,2.849054049617,7.36493630001109,11.0188151654463,0.000901917017963986,PAK3
group_10024,-3.05339591683697,5.29780369143657,12.1315423177255,0.000495761017909673,OGDHL
group_10031,3.02550206891485,7.62313203847879,9.41781415909995,0.00214887520508773,MED27
group_10051,-3.58410088346201,5.63014364256375,10.2059110260249,0.00139991219162058,ACBG1
group_10053,2.01275168041243,7.39638482792076,10.0050614613579,0.0015611058132063,GPR22
group_10058,-2.82473042995167,5.7158939686479,8.11881705756393,0.0043808135054484,ES8L3
group_10069,1.81741929634287,9.83400977226743,11.1237422877897,0.000852296495988207,PARK7
group_10072,-1.96802456329299,7.25641999890851,7.90936777689726,0.00491794540010861,DHE3
group_10076,2.95618175087564,10.8219772207752,11.0369180877118,0.000893152178291913,ROGDI
group_10091,-5.13265439358852,5.79936867226347,14.0612941981305,0.000176947983159363,ITBP1
group_10110,-5.43212788951433,5.64033446951033,12.4357691259365,0.000421188830945179,KMT2E
group_10127,-2.8038469905452,5.79269332619042,13.5277053301395,0.000235067288164252,AP1AR
group_10134,-4.89032338993534,5.85169976153821,13.6137817129942,0.000224531143061988,PPR1B
group_10135,2.35711773113371,9.94930938670329,14.3498975254966,0.000151787956375991,RL15
group_10136,-3.6372131424377,5.42283775961172,14.243501435301,0.000160614448114857,TICN1
group_10141,3.13398604786319,8.09566270555132,10.3232869239407,0.00131362131208327,PABP2
group_10153,-6.1340248905977,5.16965416020739,12.1587306563708,0.000488586171308808,KTBL1
group_10157,2.39386666006244,6.39284496021326,10.4028385869518,0.00125821748904942,M3K4|AKA11
group_10166,-2.47843529150927,5.15105418871019,8.29160237283916,0.00398288285717727,MSL2
group_10168,-3.7766408225918,4.98950762060437,6.94540487164406,0.00840348153369371,MS3L1
group_10176,-2.56601826206473,7.22870135428851,9.78031538911577,0.00176390055483882,FDFT
group_10183,-4.65494804284433,5.28224156382312,7.29308824495928,0.00692203865745099,T176A
group_10186,2.99515540844883,6.9981487634954,14.8296095113563,0.000117673397877792,CHD4
group_10193,3.11138972318977,8.27765683766432,7.14792216517417,0.00750508873551404,PLPHP
group_10200,-2.83815206868292,7.39507942666017,7.14273487490415,0.00752682832331617,WSB2
group_10211,1.95234747416444,7.75111298555771,6.96573586158067,0.00830852566173251,YIPF5
group_10214,-2.50274612724652,6.52760334297851,7.39990422399835,0.00652273498115466,ELP3
group_10244,-4.36791088256036,5.4134810880388,11.0074860128119,0.00090744640692051,POC5
group_10247,-2.34930761927668,6.27364580521839,7.99592555501511,0.00468827286427304,PI42C
group_10251,-4.61262969056058,5.00718936066752,11.2095868495318,0.000813758349176968,SIA7D
group_10275,2.36614293608592,7.33361811376391,9.48877145172449,0.00206733206004636,ABHD6
group_10276,2.40779116081453,9.91236301442042,6.74493389773205,0.0094014259928455,LFG1
group_10281,-4.38876395553139,4.74496736415073,7.72610586246469,0.00544280123427587,HOMEZ
group_10285,2.39706673090466,6.8055273145244,8.51219862002201,0.00352773575462133,GPS2
group_10288,2.3929146947603,6.48524993406929,9.69876798525268,0.00184391594951711,TRI35
group_10290,-4.91344658882741,4.9180636305376,11.019036635003,0.000901809266020104,RAP2C
group_10293,2.45714717380442,6.87781232742903,8.37913735702934,0.00379552530904553,TX261
group_10298,-5.07649090902718,5.1327400133623,11.8393593163573,0.000579917753678475,RETR1
group_1049,1.92748085275022,5.35293457842228,9.13025893810352,0.00251416133228298,PHF1
group_108,2.01489224328478,6.5945486341944,11.8214872646153,0.000585510720981437,MARK2|MARK3|MARK1|MARK4
group_1091,-1.70065113073447,8.59428107600254,7.97819356339669,0.00473441609735027,IF4A3|IF4A1|IF4A2
group_1105,2.17759598148715,6.83699801001819,10.1142325709243,0.00147128684575507,TP53B
group_1116,2.35157315071448,6.15448339654718,8.13427363031553,0.00434362448128188,MED15
group_1118,-3.74018612895625,4.81879972860512,10.6002903126996,0.00113069904756665,JADE2|JADE1|JADE3
group_1148,-2.43140178017906,6.72152987975952,10.624341275297,0.00111608718659923,NEB2|NEB1
group_1149,-2.0786114018173,6.13448984475059,7.65834174999508,0.00565104207867711,S14L1
group_115,-4.39940289428887,5.01168759913964,12.2610228694879,0.000462517914501632,CTND1|ARVC
group_1151,-2.45188926034213,5.44330830090437,9.23213453863395,0.00237804259557648,KLHL9|KLH13
group_1153,-2.71584860605331,6.89380195578079,11.2031875274473,0.000816569443298546,FADS1|FADS2
group_1154,1.67069467618844,6.75029557562164,7.28444942635627,0.00695540447256838,ASH1L
group_11672,-4.55810385636009,8.40386093257884,15.12485160091,0.000100629831797025,MYPR
group_11679,1.68684529398199,11.3693043586192,10.1262544262854,0.00146172142821772,CHCH2
group_11686,-2.05852528546187,7.85887138507746,7.97387600793016,0.00474572135940477,REEP5
group_117,1.94722230548412,6.49856598413073,6.93180876798918,0.00846760104384851,ACAD9|ACADV
group_11702,-3.64119381286734,5.79844274610196,11.8146223129481,0.000587673523234318,LYNX1
group_11707,-2.63059715634824,7.08268203407842,8.05965400458007,0.00452618263867147,CYB5
group_11710,-2.43577317065486,6.79678249491319,7.45863052958711,0.00631330180024964,MUTA
group_11723,2.33205755063687,6.30240293030676,7.25242727136483,0.00708052394680583,CERS2|SETB1
group_11724,2.13920162804585,9.7525551653582,12.3501868405375,0.00044094234013088,PSB4
group_11729,-2.96946620912054,6.41856917671762,7.73924120785791,0.00540335014276595,NFIP2
group_1173,1.46305030131874,11.6794901177841,7.42962463315759,0.00641587235941526,HS90B|ENPL|HS90A
group_11731,3.20570988685855,6.50302890863303,9.90781467202302,0.00164578427359089,RBM27
group_11738,-4.47297291133259,5.91896492105653,11.4533464465428,0.000713653643290753,CKLF5
group_11746,2.26479123506763,7.77964900934529,9.60959177187305,0.00193563667085692,RSRC2
group_1175,2.76485465432184,7.96609909041606,10.2963396764409,0.00133294346784734,PSMD3
group_11754,-4.45199218532742,4.93616461130205,10.1472068758145,0.00144520046903089,RDH11
group_11776,-3.37010897237226,6.25816144147604,8.13747521927993,0.00433596162116763,MRES1
group_11777,1.96426721104486,9.37628240423022,7.16826541418022,0.0074204490820476,C10
group_11785,1.94026632612933,8.58343261983884,8.14514526187395,0.00431765964538785,TCEA1
group_11791,2.24120868055616,9.39785626076547,13.158511046693,0.000286216226672459,PDCD5
group_1180,-2.79950337598224,5.65400635699339,13.2319088473759,0.000275223384027841,IDHC|IDHP
group_11805,-2.86731057708288,5.83553945778918,9.96673524810528,0.0015939387935604,CQ10B
group_11815,-3.02840613883515,4.82850915266146,7.68737323328251,0.00556085052012758,PGS2
group_11844,1.71129977938814,10.4519426721318,8.2820182867009,0.00400395989667496,HINT1
group_11849,-3.94317652270817,4.94846962255567,7.39756811402033,0.00653121134258628,RNH2B
group_11859,-4.22515774200865,5.55054820478594,6.73443968024533,0.00945689323293812,IBP4
group_11860,-4.68800778224574,5.58977688939255,14.6288487493914,0.000130895393864317,STA10
group_11873,-3.50132523767349,9.181234966494,14.8334622065217,0.0001174332633349,RTN3
group_11874,2.64402746419279,8.5282406943616,9.35520112617975,0.00222353566643587,EWS
group_11886,1.95313100975463,9.58177901319571,8.39830831288214,0.00375570358840112,RS5
group_11890,-2.55618489165632,8.26487769802935,8.40717844592112,0.00373742268878671,SCD2
group_11892,-2.12739752734291,7.87376307854096,11.5705450771322,0.000670047737381962,SCOT1
group_11901,-3.91513084717593,5.0116481004146,11.7232189543267,0.000617250943641152,DJC12
group_11906,-3.24944412654098,5.25589875634364,14.3164348180679,0.000154510021005252,SFXN5
group_11924,1.94575290388068,9.94132639767039,13.4878143244357,0.000240117725553233,PCBP1
group_11925,-2.792445114532,5.57565441944643,6.97740801722879,0.00825450759974299,SDC2
group_11936,-4.77368868722103,5.03806888928005,12.6350987975177,0.000378571203636844,SAMTR
group_1194,-2.19123150921953,6.23318612876259,8.70364146443809,0.00317575004913413,DEN5A|DEN5B
group_11947,1.51730373414703,10.1926025649347,6.8970192486784,0.00863395850428059,PRDX5
group_11957,3.84594403570997,7.69605682357003,10.7876946968792,0.00102177051433013,APT
group_11958,-2.56817174311339,6.55791164402325,14.9937904506631,0.000107865529023156,UBQL1
group_11962,3.03086859028686,6.98280224297381,7.86598967165082,0.00503732481508801,MED31
group_11987,-5.12020262800555,5.40147557724437,9.33630821720293,0.00224657653698886,NEK7
group_11990,-2.84990008711278,6.0372658734012,8.33294721014181,0.00389324451834475,GATM
group_12002,4.51539981627626,9.43517160629488,14.2126797057982,0.000163266659371299,PENK
group_12015,-5.07818681838182,5.50608000769629,12.7429397752655,0.000357355560186946,S35F1
group_12019,-4.37841522121496,4.83163659793367,9.46604565471221,0.00209310085896074,RBM45
group_12067,-2.3386626246812,6.65540060062073,9.35521131209959,0.00222352330905539,MAGE1
group_12077,-2.79252350044841,7.52238705464603,10.9608439224573,0.00093057425946591,LY6E
group_12079,-2.38652619024832,7.03166744490253,10.2355145646166,0.00137762176553167,STX7
group_12093,-4.44264643090504,4.87646957786988,11.319723644804,0.000766881257934327,WNK1
group_12104,-2.8253364291619,7.75275407947307,6.70373565876254,0.00962111270128287,ANR46
group_12110,-2.37439979867011,8.29542696700412,8.09601266660369,0.00443627449539512,NSG2
group_12111,-5.70781276350807,5.408959572619,14.5999403244918,0.000132918753028107,UBE2H
group_12121,-3.37258592887041,6.53051816136645,9.04395231376065,0.00263565225525616,RN141
group_12129,1.90954756307845,10.7326785222546,11.356187818236,0.000751970130829965,RL13
group_12140,-2.06111639441526,7.03064421427944,8.47739904610838,0.00359585852636137,FGF12
group_12149,3.40283583821561,6.77445177715372,7.55834260156543,0.00597329013824628,PEX16
group_12156,-2.40124642002362,7.15332101670952,7.54663961520169,0.00601220897608443,AP2A2
group_12166,-2.05257463888968,7.96965069715413,7.23235454929489,0.00716012385782856,LAP4A
group_12168,-4.02097991002841,5.21271268560565,6.79262263789038,0.00915353357252484,CLCN6
group_12169,1.82295104247623,7.27997820125778,7.36893369509987,0.00663602719765425,ENY2
group_12188,-2.67347675448244,9.65156719695353,14.4964737490925,0.000140422154050804,SPRL1
group_12202,1.53859493075768,10.9981708139314,8.86263696608295,0.00291066794122756,KPYM
group_12205,-3.49439100356823,5.60119511071732,10.6103248550141,0.00112457930332444,THTPA
group_12214,-4.82327053218688,4.73788891371052,7.00013290565744,0.0081503664514475,TAGL
group_12225,-6.34436694705113,4.83991443699799,14.4026533514047,0.000147594199222912,TLCD4|YF22
group_12227,-3.1066746720277,6.04483048192732,9.9693003915132,0.00159171962759964,YPEL1|YPEL2
group_12230,-3.35588135528412,5.45050448433168,13.7919804647911,0.000204206034990805,HYOU1
group_12231,-5.48541494847431,4.86000371812884,12.5339798246648,0.000399617735825407,VIAAT
group_12237,-4.25859957418471,5.66618657265359,11.8837033685418,0.000566272335708806,CL004
group_12249,-3.6344356806474,4.88232427400714,8.67807505156108,0.00322060975205843,CRKL
group_12257,-3.84046484740046,5.14915888187071,12.7337957288005,0.000359106981505867,NKRF
group_12259,2.08800374169837,7.7101015637398,8.18162748153827,0.00423167773632049,DPOLB
group_12289,-3.13420567307636,7.71996954740856,11.3650516352136,0.000748389965921101,NEUM
group_12302,-4.59468940508824,5.10113014360312,10.7310689128793,0.00105351571955246,FRMD6
group_12317,-4.71030218882513,4.7574008984994,9.16156185913081,0.00247151538042172,HDC
group_12326,2.70522834679925,7.77928589688784,7.13282105172564,0.00756855574219577,ALKB6
group_12328,1.55128455914884,6.09613470947455,7.94089942032606,0.00483298073906295,PEX3
group_12338,1.84534211919676,9.73973854206772,7.72299976610801,0.00545217303493615,RL29
group_12341,-4.09906544196417,4.87786786270086,6.85829978104101,0.00882304630216522,ZN248
group_12349,-5.48993988463729,6.67714611078702,14.3674644010494,0.000150378339879885,THIO|THIO2|TRXH1
group_12358,-2.528434201882,5.98465184671991,6.63525697400836,0.0099979772104482,F220A
group_12364,1.90675050042318,9.09442581752693,9.34650534233264,0.00223411069692088,EMC4
group_12366,1.94358333384111,9.67762842517318,8.26374631097685,0.00404445807873606,IF4H
group_12385,1.63042283561681,10.5390316405548,9.07794773201037,0.00258710218503068,RS14
group_12391,3.965757634743,6.93040059246886,14.4290773235597,0.000145537711746828,TCF20
group_12414,-4.20795221900143,5.29279273920193,14.4762770668241,0.000141935840442456,TMM64
group_12421,-3.80758210559411,5.16212483830938,12.9700026674828,0.000316521570675927,GNA13
group_12444,-4.11569955171957,5.21441606510285,9.7190676823088,0.00182366003772968,SMYD3
group_12445,2.22120011327105,9.22020391562042,10.4781435796935,0.00120795073811458,IF2B
group_12446,-3.35284896884549,5.44827160494318,13.5447052530204,0.00023294765629391,MTMR9
group_12462,-4.01153510232339,5.2671155582042,14.3896010661581,0.000148620785299133,ACADL
group_12467,-4.82788335431437,5.57322333971983,10.0714835256369,0.0015058173781094,RB27B
group_12474,-1.73304985470842,7.89025715309345,7.75577134953089,0.00535411698663289,AN32A
group_12484,-3.5634184935145,5.57575124337618,7.37292880309918,0.00662130067799649,FOS
group_12490,1.74106003686185,5.87402802067145,7.17821865881986,0.00737939390924646,PBIR1
group_125,1.81738316577376,6.35271833840836,9.26845090217122,0.00233134800131187,TANC2|TANC1|P2R3A
group_1266,-2.39388847349752,6.06566786013405,10.4888319500977,0.00120098272673712,UBQL4|UBQL1
group_1270,-2.14821231204543,6.29149399235774,10.1787550613396,0.00142068071337519,CYH2|CYH1|CYH4|CYH3
group_1280,2.90232825233383,6.91561371762034,11.4400380975489,0.000718783173098555,DDX41
group_1283,2.39361819513572,6.21562643775687,9.56652748974946,0.00198157250776242,UBE4A
group_1284,3.03647068206385,6.71074217099319,11.9137271001883,0.000557218004732971,UBP16
group_1296,1.83735566392034,7.22009240704498,9.04362113563075,0.00263612974409534,FUBP1|FUBP2
group_134,-1.82117024755357,5.90837090953492,8.45635583064979,0.00363769971524571,SI1L1|SI1L2|SIPA1|SI1L3
group_1367,1.64402696961654,6.99056298762489,6.76307475333685,0.0093063270283686,TPR
group_1368,2.42963224155558,7.34356958798055,8.25725528303518,0.00405894498479466,PHKG2
group_1377,-2.96137437271505,6.59037893623479,8.55845535094406,0.00343921103460444,SYT16
group_1394,1.8084855743313,5.68617357149135,7.75586994652555,0.00535382470278954,DGCR8
group_1399,2.76904989663177,6.68551876628097,7.01034927782327,0.00810398684188172,ATAD3|ATD3B
group_143,-2.80433912811263,6.21975300171667,12.306103691058,0.000451479449057735,ITPR1|ITPR2
group_144,2.77807570349212,7.97713709207274,14.2659096374566,0.000158713498523938,RBM10|RBM5
group_14587,-4.55810385636009,8.40386093257884,15.12485160091,0.000100629831797025,MYPR
group_14597,-4.49180607547424,6.10656462032201,12.4444810150449,0.000419228760860834,VAMP1
group_14604,1.98031811410303,7.00533903827917,6.84564532044119,0.00888575964405725,PKRI1
group_14616,-1.84416998647291,7.05194711497156,7.88344988726494,0.00498892204279146,KCIP4
group_14625,-5.61664124403326,5.37719254323283,14.7004463679858,0.00012601660809954,ASSY
group_14632,-3.69871737121603,6.08723591154098,11.3880516345614,0.000739180199013959,NGBR
group_14636,2.65612854386232,10.182667525189,11.9691590311832,0.000540883469812781,RLA2
group_14648,-2.12218180279981,6.65890697711844,7.68724177028423,0.0055612556076421,KCNJ3
group_1465,-5.62353305315653,4.80686948634204,13.2217597948529,0.000276717683262918,ZEP1
group_14660,-3.01026327294754,6.10669412610346,13.3312675882367,0.000261017016476003,VOPP1
group_14668,-3.19353013617952,5.41173669753931,8.54128677387768,0.0034718011106502,CP072
group_14676,2.2520105237264,8.07439809614785,8.48597397004102,0.00357894925729481,PITH1
group_1468,-2.76250026383761,5.11876531808511,10.258797881712,0.00136034292725771,HCN1|HCN2
group_14687,-4.78975368497886,5.0572345081005,10.4420134532863,0.00123180918017201,FNDC5
group_14702,2.88351658189846,7.33480558523868,9.30651335636082,0.00228340613560165,LRC59
group_14709,-3.00811632203198,6.09492832727044,6.88679681992935,0.00868347344306303,HEBP1
group_14714,-2.32539455574448,9.54389605020389,8.63573100908992,0.00329632943867257,NFIP1
group_14723,-5.9472556910224,4.75011731372022,13.73236763956,0.000210790292231974,METRN
group_14724,-2.28623606550063,8.03128188644214,7.14518398402215,0.00751655626046602,NSG1
group_14737,2.39903310664136,7.16289647781472,8.23480077943025,0.00410946829768344,SR1IP
group_14743,1.65054981653519,8.83270302875911,7.60607570068201,0.00581719492522917,MLP3A
group_14755,-2.26041972052897,6.16859751578346,6.80774921218963,0.00907630997097265,FRS1L
group_14757,2.42519625181657,9.29611889619576,12.3732212266136,0.000435535538349102,DAD1
group_14772,2.24524009740121,7.86974800167949,6.83042394430152,0.00896179917056335,SRSF7
group_14783,-3.92982843039454,4.92936789308671,8.23281816678301,0.00411395987153299,MB12B
group_14786,2.13347339449871,7.39260070640829,7.89825285287378,0.00494825697028987,RT15
group_14789,-4.29009126852829,4.72373716129538,7.80309141054523,0.00521569259916038,TIDC1
group_14796,2.05597046487578,8.24174740150687,9.08555665311211,0.0025763605295153,TXN4A
group_14797,2.74098979238613,6.72213772773476,7.68611667213643,0.0055647236941287,TAZ
group_14799,2.30886559185915,5.31254506222424,9.18309743395848,0.00244260303914845,CKAP4
group_1480,2.15208203775504,6.71897373477448,14.249462025447,0.000160106567661941,LPPRC
group_14811,1.75732157811947,10.5443423191475,10.6605884464715,0.0010944256924969,UCHL1
group_14812,2.43907073278444,10.1517358555723,12.8121906582532,0.000344368113301001,TP4A2
group_14813,1.79175254193233,10.7176559117263,9.64106776858722,0.00190274594152126,RS19
group_14821,-5.44925867639614,6.98896719002866,8.39987353249665,0.00375247115340569,HBB1
group_14827,-3.38560590063666,5.6884419676031,7.19336541355595,0.007317361477087,ELOV4
group_14844,-3.49763324238364,6.82030871732128,6.8102715222232,0.00906349821199568,FKB1B
group_14852,-3.45432320935056,6.76082351800588,10.4952261083666,0.00119683367571593,NP1L2
group_14863,-3.65845065627012,7.37970095806574,11.574076064555,0.000668776575235303,MARE2
group_14879,-5.65430908488179,5.24559607653352,15.0599364951113,0.00010415051445501,IF5A2
group_14889,-3.97088379261808,5.39147651555361,13.7995327371417,0.000203386807035047,GL8D2
group_14901,-3.28746587607315,6.58697237044465,10.9078718072603,0.000957564728489855,UBCP1
group_14910,3.8181463570195,8.43735716487475,13.5571796062066,0.000231404555089429,POL|DUTL
group_14911,2.53527876004578,9.22366954437092,9.69665193450532,0.00184604051740425,CLCB
group_1492,2.80191004724179,7.69089912062739,14.7084516563734,0.000125482618903258,DUS1L|CSN1
group_14948,2.8301563773187,9.09832061043585,13.2041499300153,0.00027932991113437,EDF1
group_1496,2.6744758983968,7.12585408673382,13.0929868507175,0.000296403366577577,SR140
group_14976,-5.59571194872574,5.71979486850931,10.0138688940825,0.00155365803648018,TKN1
group_14981,2.39004561435681,9.70044196500122,12.3380955937004,0.000443807542401381,RS26
group_14990,2.01102621380065,7.0186101417172,6.76830003536539,0.00927911796103925,AP3B1
group_14996,1.99947189951916,9.76445008122699,7.8500771695853,0.00508185380247645,PSA1
group_1500,2.93737944120817,7.54638791625968,11.4619724880704,0.000710348617010513,CLK4|CLK1
group_15001,-3.06790529131525,5.35665607241007,7.1006545964298,0.00770558051085833,GDC
group_15006,2.22530242304908,6.92461600992971,7.95011125332947,0.00480844205341513,BCL7B
group_15009,-4.70366459464933,5.19876175242674,8.88687377367266,0.00287228113323251,PLP2
group_1501,-3.13941657474691,5.3370507757206,8.88534443766297,0.00287468806122607,WDR35
group_1503,2.79363755820105,7.44358718307835,7.70136479750998,0.00551790874543527,PCY2
group_15030,-3.28271278927478,5.94074718119737,10.8889627273142,0.000967389884675769,KAD3
group_15039,-4.60563413468166,4.98268944594743,10.3841555363791,0.00127101306156575,CHIO
group_15041,-3.52790346073899,6.88278690462197,12.814336028058,0.000343973458313607,FXYD6
group_15050,-3.83331898043072,7.83569216525402,11.5832552329465,0.000665483441997769,RGS4
group_15055,1.76509031315516,9.14553871755357,8.78110382469434,0.00304366962478195,PSDE
group_15057,5.22716908926931,6.83956089067439,11.2145225313132,0.000811596885186036,AGRL1|AGRL3
group_15082,2.14578380936685,9.04068841885352,7.99263298646264,0.00469680621528681,PIN4
group_15087,-4.13251654678267,5.01611809066166,11.3534065052572,0.000753097087983567,IFIT3
group_15099,-2.67184486463898,5.18162389253029,10.0480193168165,0.00152511830430834,CRHBP
group_15108,-4.56745757573023,5.20530974016805,10.8073458189866,0.00101098140016267,IL34
group_15118,-1.870117063262,7.78107153559581,7.90822090678542,0.00492106426309732,RCN2
group_15126,2.90489672364722,7.28813169463522,8.75021377586977,0.00309565763865131,ARFRP
group_15129,2.03919386146121,9.40340337276978,9.54864159175732,0.00200097445975476,RSRP1
group_15140,-2.2726622822823,5.99197059495837,6.89414101727758,0.00864787065320404,PGRC2
group_15148,-3.63605568649108,6.08341557121853,8.65854607291429,0.00325530938135055,CENPB
group_15157,2.88143328108337,7.58184039248598,10.762823025556,0.00103559302193484,THOC3
group_15172,2.69659706442144,7.69716670976461,7.32070898813422,0.00681645162109536,HINT2
group_15174,-5.03563271053908,5.11664003633495,14.5308478591267,0.000137883182687973,CDS1
group_15175,-3.89675629389584,5.00095717369391,9.06211848649115,0.00260959452321225,DCK
group_15179,-3.57969075864919,6.50726138039798,6.85448872426231,0.00884188542110682,FABP7
group_15184,-4.86457930989445,4.96856004754099,10.0743955215489,0.00150343937874168,TLC3B
group_15199,-4.16167417621935,5.36736531400866,8.21641310826451,0.00415131747587467,AQP11
group_152,-2.67917359819377,5.31856228248187,10.7458058624372,0.00104515918413142,ADA23|ADA22|ADA11
group_15200,-3.66801429218742,6.82016917445588,8.41567490503195,0.00371999677629258,PTPS
group_15205,2.77293175382602,7.47192340769659,9.57441062137727,0.00197308184422254,CC107
group_15207,-2.64754473949099,6.31935913320854,7.86177048710293,0.0050490927535645,MAL2
group_15225,-2.22473807757444,5.10826506821115,9.12063536530893,0.0025274216576022,TLN2
group_15235,1.94478650790277,7.68311280806221,9.10573674220658,0.00254809064184089,MK67I
group_15242,-3.47937984468303,6.93945726905813,12.8384878137732,0.000339561921989693,PIPNA
group_15251,-3.73613137096692,6.48574060102911,14.0302102573304,0.000179897034640524,G37L1
group_15253,-3.61028539526629,6.03146438462898,9.30072818867384,0.00229062792177348,ANXA5
group_15266,1.76720929347576,8.50064685249318,10.8734277222354,0.000975538108742142,NO40
group_15267,-5.26422223718447,5.08300267693039,14.7636373332869,0.000121862936965777,RGS5
group_15271,-2.81179799357801,6.74641647138219,6.81540684581084,0.00903747117425617,HTRA1
group_15272,-4.11276851818371,4.72174691958225,7.03705885050294,0.0079840036842682,METRL
group_15331,-2.04573056855478,5.48386164827351,6.81442941632166,0.00904241911532415,OTUD1
group_15340,-4.67937270194117,5.06710430454202,11.0340989202108,0.000894511444719534,CENPV
group_15342,3.09100514410068,7.68556639908296,13.338078348543,0.000260070719879041,RN181
group_15351,2.5604163084719,7.14106655196172,6.95837354627859,0.00834278390772065,RM04
group_15352,-3.7516435624241,5.04213538671821,8.68122553734139,0.00321504719576725,CALB2
group_15356,-4.72206012651893,4.73676001290424,7.52768378370205,0.00607579728335801,RGAP1
group_15361,-4.17823596155327,4.80079437605739,6.75574703759814,0.00934462159507944,PYGO1
group_15363,-3.71841442280057,5.62968766255772,7.77153699702376,0.00530758686654058,CN132
group_15368,-3.57003155741163,5.47717245681714,9.12994482696315,0.00251459302941215,LASP1
group_15372,-2.99149581758266,4.98400383025449,6.94111719205829,0.00842364850957499,ASHWN
group_15377,-2.30565964321722,6.63709063149151,10.9867676898941,0.000917647145911096,TMEDA
group_15401,1.74964157028861,8.56702630796137,8.33439624328865,0.00389014041350346,SARNP
group_15407,-5.22927373235698,4.8663476552362,9.99893119364551,0.00156631104967491,ZSC21
group_15409,-5.45271719052795,4.8784183925748,9.22297756847666,0.00238996546137854,KCC1G
group_15417,-3.74561378275813,5.34266378419712,7.37947261700404,0.00659725133218092,SH3Y1
group_15428,-5.57460856059659,4.99602844325408,14.6295454575478,0.000130847014414049,MAD4
group_15432,-2.86061569603903,8.42366229221938,7.51528272567578,0.00611776821794361,T22D1
group_15446,1.46565579594551,9.88147355020768,7.13003105253708,0.00758034147272408,VATO
group_15447,2.63151746506487,7.40118094823749,6.91154865378737,0.00856407838177818,NOCT
group_15449,2.93940890900823,7.92816565302615,10.9732979529819,0.000924341127567421,CSEN
group_15478,-2.2039429254504,6.89804786785417,10.2280017647377,0.00138324438911718,OMGP
group_15495,2.52721241133078,9.13945497965239,8.97114244652095,0.00274277042901916,NDUA8
group_15500,-4.68899571733714,4.89482811683055,10.4263062482347,0.0012423295879531,T22D1
group_15501,1.57348034501629,9.43993009137926,6.65563701644031,0.00988426289461892,PSA5
group_15506,3.03053749656029,8.43474625726165,10.3661494012641,0.00128346965769849,BDNF
group_15507,-2.53631137479102,6.00277919883938,10.6287144883307,0.00111345089223489,UBQL2
group_15521,-3.55132214917749,5.8512878387538,13.9265190172738,0.000190097429476747,JIP2
group_15527,-2.14029220669913,5.56349941676377,7.39490819054036,0.00654087632570657,MTMR9
group_15536,2.44729703502397,6.6642001512696,8.111906213149,0.0043975459399435,OTUD5
group_1555,-2.12560208241671,6.56755565460151,11.3081216629538,0.000771687983054756,HXK1|HXK2
group_15561,-2.44301354835411,5.90618813341007,6.81117920329386,0.0090588922914283,DUS3
group_15562,-5.32200888389207,5.67274661856679,10.6506993873939,0.00110029290810131,IBP6
group_15567,-4.03655023087962,5.99766762662567,12.1846236865247,0.000481850588068009,MYADM
group_15568,-3.00487400528808,5.49317036353678,14.3717053352494,0.000150040015047502,DNAL1
group_1557,-4.68088291937335,4.89372705359279,11.4012303072684,0.000733954823466293,FRPD4|FRPD3
group_15571,-3.65532542978902,6.71521201602975,12.488442878452,0.000409477359123626,SELT
group_15572,-6.02372369989689,5.79534803684909,12.3590799300916,0.000438846907655512,NRSN2
group_15575,2.83920315046968,7.4636298672144,6.79785380934605,0.00912675178171188,RU2A
group_15578,2.24305811256336,8.46308112893431,7.43571672186464,0.00639418932143155,SPT4H
group_15591,-4.54327301317788,4.87162202594909,8.6822134521264,0.00321330492661759,RCBT1
group_15595,2.2691515465058,9.02833911282451,10.9901484776407,0.000915974722259585,YPEL3
group_15629,2.64502942122177,7.7529368107765,7.45913442273051,0.00631153480295852,POL
group_15633,-4.25589883392258,5.19821387427545,11.7363426558247,0.000612913509920824,HSPB8
group_15639,-3.23851539718881,5.78591090326536,7.36902178283654,0.00663570213377765,CELF3
group_15650,-4.44335622199255,5.38830287187267,9.50126718497109,0.0020533004497021,RL18
group_1566,3.46839713195045,6.14544932456526,9.82711988174334,0.00171957397571707,ZBT7A
group_1567,3.1516584249813,7.12229089667737,14.4811112954208,0.000141572039198929,GNL3
group_1569,-2.67923276444343,5.32205658905756,10.1876868438333,0.00141381559975656,NALCN
group_1573,-3.19704492702755,5.03880942721885,8.3092122501001,0.00394444953307855,KDM2A|KDM2B
group_1589,2.23637346274972,8.15870840150179,13.299590801402,0.000265464047808292,APBA2|APBA1
group_1593,1.72495704984016,6.72635852960186,6.85383162706432,0.00884513779591051,NCBP1
group_1595,2.18995983545126,8.18517267644506,12.6760670571705,0.000370365789148086,PTPR2|PTPRN
group_160,1.65740837072265,7.47302304589715,7.30927814821178,0.00685994782434865,DTNA|DTNB
group_1604,-2.02054921187577,5.4510975682828,6.93374107180077,0.00845845782735986,AP1G1
group_1610,-3.03489037737384,5.06996577271518,7.62563937391835,0.00575442655036852,S15A2
group_1618,-3.74789116692126,4.92033180542839,8.40897274739995,0.00373373574277592,AL1L1|AL1L2
group_1674,-2.52483826027081,6.03240763178,7.97195522464042,0.00475075965036246,ST32C|ST32B
group_1679,2.27675772778276,9.2402110600938,11.9264963820523,0.000553411574478318,CHIP|JMJD8
group_1681,2.00572072724922,7.05736763430622,7.56795271250011,0.00594152351292115,MTX1|GLCM
group_1691,2.27726563047686,6.74202071274503,7.9055738699753,0.00492827045932564,STABP|STALP
group_1692,-5.77063844448209,4.63352538940842,14.2405774230674,0.000160864185543817,LATS1|LATS2
group_1699,-1.65520273017453,5.40336256794093,7.88298300374223,0.00499021013866131,TRAP1
group_17,2.06857615512169,5.90357815575677,7.80125507910781,0.00522099573762583,CLU
group_171,-1.95578989500405,9.1222954082945,13.0744206453662,0.00029935579596378,GRP75|BIP|HSP7C|SSB1|BIP2|HSP70|DNAK|HSP72|HS71L|HS71A
group_1710,3.24727332312152,6.48585367994546,7.80402282411839,0.00521300487045901,HMGX3
group_172,-2.1513062482412,6.29718538409333,10.5936434574221,0.00113477128996766,CNTN4|CNTN1|CNTN5|CNTN2
group_1725,-5.20829983982304,4.9080617989383,11.1409634992789,0.000844420197203051,SKT
group_1728,-1.686797813351,6.52111699604419,7.17237340943427,0.00740347619297345,PPM1A|PPM1B
group_1749,-3.75876792259438,4.80722219429144,7.25449599592397,0.0070723718200901,GFPT1|GFPT2
group_1754,2.96919510206851,6.97713644436344,7.98297595497304,0.00472192570691998,TM205
group_1755,2.3250262737014,6.32353687890949,8.54700026154135,0.00346092083020618,NVL
group_1756,-3.69837908142029,4.82601568582516,8.12915787642861,0.00435589743585943,SCYL2
group_180,2.93244955264488,5.94900256757319,7.14900506256899,0.00750055848857528,FGD1|FGD4
group_1839,2.77776949456797,6.89351024208499,6.65098144712492,0.00991012217289659,DDX27
group_1842,2.39274114117379,6.35931823252611,6.92676458115167,0.00849151666351669,EXOSX
group_1850,2.08837581037962,5.90596089182562,6.80229456985212,0.00910407959732106,TRAF7
group_1854,2.53517396052935,7.20737626109958,10.9101465360106,0.000956389598758631,INT14
group_1857,1.91875175905503,6.21563159015576,8.61073114712486,0.00334188122630243,NOL6
group_187,2.12019322419098,7.15623570257795,7.26678932492299,0.00702412547393128,EPN2
group_1873,3.57365226473734,6.9905726561535,12.203261910023,0.000477060281254447,SFSWA
group_18770,-3.55858908785147,6.32986159608414,13.8312303795029,0.000199984379600014,YMEL1|NCKX3
group_18771,-3.55858908785147,6.32986159608414,13.8312303795029,0.000199984379600014,YMEL1|NCKX3
group_18772,-3.06069161124724,6.45308075188149,6.68409933840652,0.00972766594206992,RAD21
group_18785,-4.48395242433829,6.67790127321427,13.220238136828,0.00027694242904771,DACT3
group_1879,-4.11943213739286,4.74919837765683,7.73947920007071,0.00540263804509039,RNF38
group_18805,-3.3123779390978,4.93641796780332,7.07529305166998,0.00781540385420537,DUSTY
group_18822,2.71995307346577,7.13056319984269,8.68632931006636,0.00320605659129728,SRCAP
group_1883,-2.28163942734515,5.58781498438116,8.52685324444939,0.00349944225078719,RPGP2|RPGP1
group_18835,2.08213037217287,8.27043110254111,10.0802011810981,0.00149870969364568,PP1RB
group_18857,-5.34376539982142,4.800625182743,8.75887504757289,0.00308099033717567,CO1A2|CORA1
group_18861,-2.47794110830018,6.46100297189527,8.3626119511803,0.00383019628194862,PLCB1
group_1888,3.16004235854778,8.72682165510279,10.4177941695814,0.00124806877084893,TRIM9
group_18881,3.29163141260293,6.37320921963911,9.09994513305847,0.00255617162553447,SC24B
group_18883,-4.80856115329625,4.90955138023006,12.0097681658828,0.000529224401569423,PPR3F
group_18890,-4.35319801150967,5.45964348717735,11.0081292673378,0.000907131539704063,RENT2
group_18899,1.67629949868171,9.52926823506522,7.1265719204455,0.00759497986073375,RRP1
group_18900,-3.0453275859263,5.37573968971805,12.3224452895317,0.000447544030905529,RIMS2
group_18913,3.33918570406714,8.2949725632951,11.9401443253801,0.000549372237941035,ANKMT
group_18929,-3.76671052124932,4.89573521616983,7.22109438076541,0.00720517664822769,GL8D2
group_18937,2.68146034322863,7.31754924527775,8.16131082814925,0.00427934306489565,ARHG2
group_18944,-4.28632557511851,4.93504352418032,7.46447580442486,0.00629283523785716,MDR1A|MDR1B
group_18945,-3.24546343560263,5.98499892808939,7.30009045924366,0.00689511391490381,ABCG2
group_18949,-5.40373186059874,4.81110632377857,9.61236931267113,0.00193271124699606,HDAC9
group_18967,2.11439344496084,8.22096743637065,9.509249062493,0.00204438808499622,TXN4A
group_18969,2.79456721718326,11.0948806642126,11.8035014496874,0.000591194282476159,RLA1
group_18982,-2.70986318825788,5.60151816900095,13.9818025452485,0.000184588560260732,CHSTA
group_19000,-2.64696681446092,5.45497813494584,7.45056689184926,0.00634164727831749,UBE2H
group_19006,3.99664771776998,7.19893333039513,12.0332962894183,0.000522585780762581,SYN1
group_19011,-4.13672033505849,4.87866870133488,11.9552069064556,0.000544948756841764,DEN6A
group_19048,2.27060635796662,6.2362914425762,9.61783691679453,0.00192696562288759,ATP9B
group_19065,-3.38096563646884,7.85054566425014,14.2792552956437,0.000157592131425928,OCAD1
group_19074,2.20014003387827,10.8520751276629,13.9033089910011,0.000192459338011793,RL19
group_1909,2.77026500314668,7.94148411839242,7.84022034556931,0.00510963779429978,DDIT3
group_19091,-2.10942988380962,5.4464027444294,8.43667177646804,0.00367728656502061,BCR
group_19102,-1.97716595989358,7.24751579653624,8.26369480739168,0.00404457281893441,KIF1A
group_19108,-4.2073357576265,4.75679246372758,8.00107329832463,0.00467496308777084,SMN
group_19109,-5.25324947095513,7.02436522109623,14.1156072241115,0.00017191147331762,RL37P|RL37A
group_19144,2.79547038298144,7.29765611774523,12.8923905384578,0.000329920762187459,GLT14
group_19145,-5.65797696375622,4.99691592040124,13.9162971915484,0.000191134007849629,GAR1
group_19148,-4.85401663986579,4.6881220175583,10.6580625181301,0.0010959213189778,PYGM
group_19195,-2.86208842281926,5.29837464899804,9.53368233774078,0.00201734954729275,FGF1
group_19212,-2.65784324735677,6.3146401195448,12.2141324831138,0.000474288598203022,2A5D
group_19219,2.64278695195321,8.50823447022189,6.75918605366723,0.00932662927471335,GAG
group_19232,-3.2568056550156,5.49003311579963,6.82968868520553,0.00896548903532102,IFM10
group_19257,-6.23075530408879,4.77100577883129,14.4858059792374,0.000141219638058924,CTHR1
group_19258,4.02381706171957,7.59257733187606,11.2665226586267,0.000789174208620803,SRBS1
group_2018,3.31177659421833,8.1945953767954,13.3699767933838,0.000255684518480059,SAFB1|SAFB2
group_2028,-3.08734352453773,4.87896901351467,9.34023042224532,0.00224177336839541,ANFY1
group_2031,1.76046258339037,7.99043514727217,8.09089990467636,0.0044488066883907,KKCC2|KKCC1
group_2050,2.63826538763766,7.03533850062741,12.9300945265291,0.000323341454676398,GLCM
group_2060,2.03858003654723,7.09563605293499,10.4975259663644,0.00119534488953248,DCTN1
group_2061,-2.55577386657041,5.20287210992738,8.2467807063196,0.00408243396507005,DDHD1
group_2092,-3.41512905182888,8.35828919589731,10.8620948238467,0.000981526047400494,KPCB
group_2098,2.54563708903054,6.55817303224504,6.86402205532559,0.00879483663437122,TRM6
group_2110,-2.94849048491385,6.19105958656648,11.9084169356187,0.000558808697650746,GTF2I
group_2112,-4.14657178446782,4.86585223365424,9.49773076001258,0.00205726171784043,ZXDB|ZXDC
group_2118,-2.5617387402324,7.2542498607999,15.051986013475,0.000104590146298593,F171B
group_2208,3.21710888847088,6.9743590480047,8.50879851685616,0.0035343334679642,FCL
group_2215,1.76077612334607,6.55627510235625,6.66413522450695,0.0098372379194325,VPS53
group_2224,-4.3611420022801,4.98931986141409,13.6170295731467,0.000224143042403086,GELS
group_2227,2.60726765464615,7.69470297541678,8.64430169282188,0.00328085863185125,NFX1
group_2238,-2.07486550004064,5.87309427846246,10.0468443331838,0.00152609137021634,UAP1|UAP1L
group_2245,-2.70716813937047,5.25144690244192,11.465346515397,0.000709060085474409,TPC10
group_2246,-3.65053787475759,5.22509791262377,8.62514868717679,0.00331553376215016,RHBT2
group_2260,2.4625036427041,6.85838847914981,8.8913992144428,0.00286517080226663,EI2BD
group_2271,2.90554784331892,7.06232383741652,9.01799205926213,0.00267334909140328,DDX46
group_2274,-2.82866025636396,5.17155305275933,8.14036492096888,0.00432905706610955,FBX8
group_2278,-2.52008530192437,6.43906148130376,10.6535125170091,0.00109862063695869,ACOX1
group_2284,-5.67472413319359,5.02549069860548,13.8295852590616,0.000200159547848043,GARL3
group_2289,2.46834309194378,7.05481896768017,9.58742518308196,0.00195914491430235,IPO13
group_2292,-3.98282587062166,4.95338125953019,14.1140892262349,0.000172050258399853,SSDH|DAVD
group_2306,-1.90791083638847,6.67560742225679,7.93105481129361,0.00485934607871912,SORT
group_2406,1.96410456348169,6.75313669775955,8.68600717474837,0.00320662329600692,SYCC
group_2407,1.87971978393855,8.57164931225777,11.4446655168616,0.000716995384087595,HNRPM
group_2409,-2.87262575293439,5.57452977185769,11.0403845625321,0.000891483673361218,LONF2|LONF3
group_2412,-2.53594939918295,5.13077058216301,8.64744630613758,0.00327520086253337,CDK13
group_2423,-4.42352187272489,4.71152389644233,8.69082721553386,0.00319815443983913,PGFRA
group_2438,-1.83536844331249,6.23727760927214,6.81513656888309,0.0090388390920692,ACSL4|ACSL3
group_24581,2.05388080883355,8.37279096858937,8.82139271330531,0.00297719349380464,ROCK2
group_24607,2.4273078789524,6.72322384522238,11.3250848314454,0.000764670338184086,SYCC
group_24627,2.39555430657105,9.29435904355593,9.90075669770059,0.0016521082541779,WIPF3
group_2464,-3.94574808095864,4.69821170218231,9.87632878761884,0.0016741864604068,S14L2
group_24651,2.41836360621261,7.69410841779237,9.87203992316946,0.00167809351953532,ECM29
group_24679,-3.07382861454451,5.057353977078,9.90103915355518,0.00165185470004832,YTHD1
group_2470,2.5600650994069,6.01346195554829,7.80648748101434,0.00520589955445071,PREP
group_24738,-4.174408460557,4.93653993356156,8.30906552563991,0.00394476819340228,SE1L3
group_24756,-3.36868844200428,5.10923487313765,7.96461970227141,0.0047700512079269,KCNA2|KCNA3
group_24761,-1.74628677954226,9.35252339127021,6.65652587389269,0.00987933361841724,CALM
group_2477,-4.72955780635742,4.82842305961756,8.30603887402889,0.00395134740681242,RGS12
group_24770,-2.72466118022259,5.90155311596734,8.27966237883475,0.00400915829511747,CBPC1
group_24775,-4.68790671066699,5.02038838646725,11.6166698669536,0.000653633270035283,HSF2
group_24779,-4.13622032431264,4.93369611838905,7.10506243675832,0.00768665475096365,TM86A
group_24783,-5.52144602622027,4.73549226954392,13.8397696633711,0.000199077616553532,XCT
group_24844,-4.6134967585363,4.93560644808572,10.0410450627552,0.00153090327004592,NETO2
group_24846,-3.25436057395761,7.92700445287745,11.5894874930117,0.000663256886383886,APBB1
group_24853,-3.49916803307122,5.58588251748925,14.9139132104374,0.000112529996029817,SNN
group_24862,-3.80089050028936,6.00659401904818,11.9991412931415,0.000532250692731824,SCRG1
group_24873,2.16437444422969,6.10725279749469,9.29413453861266,0.00229888721998516,SYNE1
group_24874,-2.30280920938287,5.52581107232304,7.01712651233321,0.0080733690222445,SMAD3
group_24887,-2.90640628413025,7.02196820068902,11.9848973908579,0.000536334451386058,S39AA
group_24905,-2.55703197092992,5.94207616874834,7.73267080961528,0.00542304729837696,PSIP1
group_24923,-4.16552533399467,5.40401351611843,14.0849114900867,0.000174739913860222,TTYH3
group_24940,-5.05007451265239,4.5419807043642,9.09302283054771,0.00256586439166261,LZTS1
group_24949,2.30102486620351,6.73467411853524,7.43320154267822,0.00640313229724998,RBM6
group_24963,3.18974056156061,10.9953816138619,15.0246362701352,0.000106116797745621,RL40
group_24967,-2.81714573035456,5.94294402568513,9.88539770455927,0.00166595520054604,KIBRA
group_24977,2.75770259618169,7.6514131992402,9.95972268668555,0.00160002153394614,MCRI1
group_24993,1.94478650790277,7.68311280806221,9.10573674220658,0.00254809064184089,MK67I
group_25006,-5.64326406766467,5.26779769658863,12.4033854527286,0.000428556183028494,BMPR2
group_25007,-2.10672436251146,7.25456314158358,7.30938032749402,0.00685955776250057,KIFA3
group_25053,3.14944248838717,6.98528743778392,10.1918286352105,0.00141064355963389,ZC3HD
group_25063,-5.4136207073393,4.87172448790113,9.14385931260621,0.00249554167915459,MTSS2
group_25082,-3.22569695995937,6.41371508629242,8.63609352496906,0.00329567356761236,SEZ6
group_25084,2.96580959859569,6.40346273343152,8.21561461854636,0.00415314458326409,BIG1
group_25100,2.79448215684977,6.76740365083958,9.58840527672541,0.00195809940906607,EHMT2
group_25102,-4.66914658698484,4.89339125706755,9.58675844210494,0.00195985647710387,FRY
group_25111,2.50066152394166,7.88824890116491,9.00217372152309,0.00269658679999809,CNOT4
group_25140,-3.43260508064611,6.02869916747342,13.2245900613701,0.000276300147559498,TUB
group_25145,-3.0641321284659,7.09354217695707,8.35877222107897,0.00383829821250111,SDF1
group_25158,-4.99666504534722,5.12598902853412,13.1262590890511,0.000291185603141997,LPCT4
group_25171,-3.44576824918897,5.10287038254992,9.80767445470157,0.00173785122244083,KCNC1
group_25176,2.31708900524961,8.77990116647432,7.7617325821985,0.00533647453920664,RT26
group_25220,2.61585237024048,8.30195016584477,9.11569191292516,0.00253426081804481,SYYC
group_25262,2.7937660421073,5.85989275201649,10.6292040326801,0.00111315617362482,LRRC7
group_2656,-1.72954742688861,8.66888012810708,10.4564636317242,0.00122221033943808,GNAS1|GNAL
group_2674,-3.95933437686416,5.36806921615925,7.42572299039352,0.00642979855124259,ETFD
group_2676,-2.87880177976108,5.70089194069552,13.0878644084464,0.000297215001238327,GNL1|TEX2
group_2678,-2.85433865504616,5.00990281020915,10.4706887156352,0.00121283495140724,LRC47
group_2684,2.38017009304958,6.42154635105051,8.2683432996364,0.00403423019175084,RNF41
group_2692,-5.0619833041223,5.76228078583946,9.23818136480656,0.0023702024067197,TMM62
group_2701,2.10918425944769,6.66081697417491,7.39513735462613,0.00654004307042883,AUTS2
group_2715,2.05564390654108,7.12828105382341,8.49215539467704,0.00356681000409766,ANC2
group_2729,2.60581961350338,7.82167727140371,12.7410058105374,0.000357725265814936,TIF1B
group_2734,2.88876623507193,7.666719786929,14.0140493452828,0.000181449791693162,UBE3A
group_274,1.84431033824278,5.8192997740891,7.1171792044879,0.00763487398814994,NMDE1|NMDE2
group_2747,3.00617790278273,7.08426369837638,11.8987504265385,0.000561716139339193,CCSE2
group_2748,-2.23198417323723,5.68640126284318,7.21746957968494,0.00721974130174131,ACBD5
group_275,1.95836044210702,7.11389919868147,10.4849655617788,0.0012034986126862,GRAP1
group_2751,-2.2018614174858,6.54704371677161,9.30490712617611,0.00228540891814209,RN157|MGRN1
group_2764,3.20964741176723,6.60343443143101,13.5097856659925,0.000237322644358838,RAD52
group_2768,2.6656884638262,6.02823654088566,9.86999813988695,0.00167995678266413,RINI
group_2771,-4.83751409376905,4.8999250468993,10.4198220188905,0.00124669908390314,MYRIP
group_2775,-3.69420136344497,6.35627061289863,14.8421038544787,0.000116896430750125,EI24
group_2782,2.6708187516146,7.37020900874344,7.9282696913982,0.0048668316057445,TIAR|TIA1
group_2931,-1.62323860630681,5.87120543053774,6.64910795172699,0.00992054802541583,CAMP2
group_2948,-3.98152103400652,4.77773227994985,8.48529028323018,0.00358029447807168,ARHGQ
group_2954,2.79762621373358,6.70785546599029,10.2682211157842,0.00135341234341278,MASP1|SPEE
group_2955,-2.12728546119566,5.84102614331889,7.67433450874193,0.00560117466878379,DRS7B
group_2957,-4.43596668000771,4.97402449063803,9.64039839274793,0.00190343947348597,NWD2
group_296,1.77784878754891,7.48148450335956,8.00489980646619,0.0046650943797351,SYAC|SYAM
group_2978,-3.56384117124909,5.22230544106814,11.9474358465979,0.000547226402811298,WDR36
group_2983,2.24861363742159,6.8161247779013,8.0667183462513,0.00450856977072595,PLCD
group_3009,3.17161749261512,6.38685843548864,10.9676221307193,0.000927176574208283,WDR18
group_3014,-2.34823030389822,8.79237314295579,14.6733295339155,0.000127842482029441,ATPA
group_3029,2.07785367882919,8.81942982970669,9.05186968065652,0.00262426318888086,RANG
group_303,-3.77922781741867,5.49899279210543,7.90000905573321,0.00494345498733239,SO1A4|SO1C1
group_3049,-2.67866821971374,5.7746042913708,6.87600484804514,0.0087360625688715,FA13B
group_306,-2.05109320241711,5.64212327286102,12.6286838372696,0.000379872540453264,ASAP1|ASAP2
group_3075,2.61585237024048,8.30195016584477,9.11569191292516,0.00253426081804481,SYYC
group_3077,2.95004857684872,7.18194869768896,11.669568406931,0.00063530746771396,TM198
group_318,3.11965827040887,6.28954657704714,9.39176718264541,0.00217962004928635,SORC3|SORC1|SORC2
group_321,2.193689758231,6.65929367343656,9.57271652926622,0.00197490337860298,DZIP3
group_322,3.03916456579715,7.95287459568967,12.6103503723229,0.000383616591133165,DLGP1|DLGP2
group_323,-1.7771463919407,6.95238383259341,7.44761582009656,0.0063520533928426,KLHL2|KLH20|KLHL3|KLH17
group_3257,-2.09531647018864,8.94707361046405,12.4929366877044,0.000408493545635506,SERC3|SERC1
group_3263,-4.72030076062453,5.54695276691992,14.502301490861,0.000139988409836116,SEM7A
group_3276,3.35688488604626,8.99841577080167,10.9174074478693,0.000952648342821581,HAP1
group_3282,-4.77793540067274,4.82222140528563,9.2937363920701,0.00229938691008533,MSI2H
group_3283,2.91902279879176,6.96525787840976,7.87166798323545,0.00502153125790558,S45A1
group_3295,2.21707363414181,6.29572794242431,6.98841929282844,0.00820387739683523,MTEF3
group_3301,3.58452882740154,10.7365437204608,10.9073237853698,0.000957848055937561,CATA
group_331,-2.73046457951493,4.93060231070535,8.82299296960427,0.00297458375815702,EP400|RHG44|RHG17
group_3310,-1.88212898631687,5.23051513856265,7.30644174920921,0.00687078461553914,EXOC1
group_3321,-3.77502842450398,4.9167827853682,9.85594050057563,0.00169284233823257,TATD2
group_3322,-3.42090679625625,6.18165814048855,6.67030581395428,0.00980323658177731,PHF24
group_3325,-3.5665504486001,6.29959383478293,6.88017540232386,0.00871570097713103,RL8|RL2|RL2C
group_3330,1.94262318110578,8.54641864186818,8.01415569201648,0.00464131074442457,LC7L3
group_3334,2.39568624175002,6.97128052654486,7.79263437786146,0.00524596500708567,RBM28
group_3338,-3.30822557423096,6.59728484175455,11.3897465819554,0.000738506047656551,OXR1
group_3359,2.21132808843862,7.4197935973617,7.41735743934284,0.00645976194731041,AAGAB
group_3360,-4.11162525514873,5.06114427303182,8.55063463363744,0.00345401788561065,TPC14
group_3368,-2.05946998393655,5.28445485507695,8.38421030116651,0.00378494623711133,S23A2
group_3371,-5.06810016681135,4.72132269401843,7.64319168978603,0.00569869948723041,MFA3L
group_3377,-3.44659906878819,5.22799715402341,8.33009612116065,0.0038993594524022,NOVA1
group_338,-1.3423118547582,8.09438176706813,7.01716714240291,0.00807318582316873,NCKP1|NCKPL
group_3382,2.86479330290816,7.08380938959727,7.41532114356318,0.00646707701824098,CRAC1
group_3383,2.41106603772878,6.72121322243449,8.05678547936757,0.00453335445317891,REQU
group_3400,-1.97181936760755,5.7796799734578,8.0720025950251,0.00449544068258663,NCKX3|NCKX4
group_3402,-2.84865194320885,7.16598114472531,7.67324859210482,0.00560454644620378,AINX
group_3403,-2.58697550477409,6.60820698398572,12.6253428814014,0.000380552071700297,DLDH
group_3414,2.11689489784085,7.92304489914928,7.91045051833971,0.00491500278041329,GGNB2
group_3415,-3.07835372228812,5.87725388905515,9.81360277222702,0.00173225828485423,TXD16
group_3416,-4.44245724206158,5.91444010730167,12.6067611881108,0.000384353918088261,SHRM2
group_3417,2.27246805549785,7.07720818865714,6.70209605913539,0.00962996378246915,SRRT
group_3421,-2.34930761927668,6.27364580521839,7.99592555501511,0.00468827286427304,PI42C
group_3426,-2.49392817361588,5.66620368480149,10.9435250638507,0.000939312901520101,MAX
group_34578,2.75977823134046,8.08129441750843,11.3204436378602,0.000766583962233704,THIKA
group_34613,-5.02070293829119,4.98437981638812,11.2937658676892,0.000777677783107905,TIPIN
group_34622,-5.33192655318227,4.8072385722451,10.7043076949721,0.00106886375746631,SLIK2
group_34636,-4.93048934911911,5.06009591899445,9.08046926070594,0.0025835374689346,RLF
group_34644,-3.35955494936724,4.75262145305105,7.16037846733018,0.00745314692224252,DNMT1
group_34683,-4.26085493320987,4.92992546941533,7.67681740390367,0.00559347303513806,RBGPR
group_34753,-3.90725618107084,5.1604369013054,7.34933153306945,0.00670876960843034,ZN436
group_34761,-5.08250991916332,5.11215215676538,13.4045210985164,0.000251018537330164,IL6RB
group_34765,-4.48596545422748,4.81334068009881,7.64936006314731,0.00567924641259681,PDZD8
group_34778,2.53204235134685,6.44639948011086,8.32236474050744,0.00391599071766852,NISCH
group_34781,-4.54850719794288,4.84520043500152,9.6389823978558,0.00190490741261826,AQR
group_34792,-4.85374339074135,4.7721505844756,8.14782354411987,0.00431128736725424,PCX2
group_348,1.93334379167424,5.75539686276111,6.71139862157658,0.00957985595880791,MKNK2|MKNK1
group_34800,-3.42719625014786,4.96156261322906,6.71461489535368,0.00956259385590358,SMG7
group_34816,-4.22515648951141,5.04184635046438,13.1106381334876,0.000293623654183749,CCG2
group_34833,-2.89673089868847,4.99017095041289,9.3945678778621,0.00217629292125998,KCNH3
group_34841,-5.46523404434929,5.09206357802552,11.0097725628865,0.000906327662941691,BD1L1
group_34847,-5.05145273144088,4.78508060304518,8.58409602910833,0.00339111693888259,RLF
group_34849,-3.41622681438761,5.475132698414,7.18994370998181,0.00733132806002613,TAF1
group_34854,-4.65979115087807,4.82993255372558,7.50430851076254,0.00615515678219273,FUT9
group_34876,-4.26316355588817,5.361240051121,7.93907075999751,0.00483786712122305,KHDC4
group_34896,-4.50011562067263,6.59876632877763,10.749290862445,0.00104319284809755,RUXE
group_34899,-5.55660500569664,4.96945447422731,12.1930999799733,0.000479666062461421,TBC19
group_34909,-4.43066924294966,4.85744823578345,8.61678155570102,0.00333079853434956,RBL2
group_34933,-3.64284386609003,5.0045096097873,7.41247672632778,0.00647730929755357,CHD8
group_34936,-3.96146829832351,4.88670580566406,7.52187558419909,0.00609541822069733,RPGF1
group_34940,-4.00669602730217,4.717254806063,7.89329511062593,0.00496183858059931,LARP4
group_34953,-3.46059228331174,4.92979154583775,8.56572074968489,0.00342551338089131,RBM45
group_34971,2.2267635179343,7.20121292507689,7.14415920558573,0.00752085264545537,NEMF
group_34972,-2.93217999950999,5.59717270908586,8.00483276810538,0.00466526709144469,OPRX
group_34980,-5.85530512845786,4.86621329170986,13.3155022537105,0.000263220810521216,MEF2D
group_35006,-4.72870569984125,5.19359620236791,8.76573406602088,0.0030694251444193,HTR5B
group_35008,3.8797974196988,6.46809538060416,11.9993813919658,0.000532182125542184,GRIK5
group_35011,-4.9849979035276,4.77195626023762,10.9698600549176,0.000926057535246542,MED13
group_35044,3.04369444969812,6.3552333500695,12.1884363717024,0.000480866736265404,M3K4
group_35050,-3.73247957130055,4.87449355403281,7.61702525150629,0.00578197865713109,TPC10
group_35093,-3.81301755210891,4.85179168415291,6.69611840778256,0.00966230376271516,TANC2
group_35104,-4.96133117948466,4.74770433359744,9.87248988385943,0.00167768318208545,PREX2
group_35114,-4.80423436218594,4.44288480101629,7.7642865625341,0.00532893410278419,SH3B4
group_35128,-3.74131011250366,4.5891082226556,7.53229214046211,0.00606027544936963,LRP1
group_35131,-4.40938181190924,4.69860592131382,7.34320296150322,0.00673167905129252,FRY
group_35148,-3.90295743186407,4.64795271420319,6.69423602406756,0.00967251075875136,PREX2
group_35155,-6.09355307193932,4.62752178920945,12.917194861545,0.000325577409820849,PLCL1
group_35165,3.55608887100462,7.05074225812696,8.3223796663738,0.00391595854064373,SORC3
group_35167,2.51626329765265,4.93675720753038,10.8364056196739,0.000995237381500933,NRX2A
group_35186,-3.50686310001173,6.34888022118317,14.0225366742647,0.000180632644556979,PCDH9
group_35207,-3.06870663104515,4.95615944992802,10.2058346037017,0.00139997020499168,ATRN
group_35217,1.61864239674166,9.86230036470973,7.2741006078295,0.00699559122693098,NEDD8
group_35218,2.37302124369948,8.11958558562877,12.5027948004375,0.000406343689627702,DTNA
group_35235,-4.24524889304324,4.96784551028663,7.22025027753888,0.00720856561833163,LARP4
group_35238,-3.09780504683833,6.61937120468984,7.77913359411647,0.00528531393767854,LSM8
group_35247,-4.39826655383215,4.59453915032557,7.32989233173334,0.00678171161806105,PCDB4
group_35249,-2.9369084724571,4.94502686111006,6.70197826026248,0.00963060001944822,DLGP3
group_35251,-3.5500192565777,5.23704704706616,15.0193081110442,0.000106416813530548,LIPA3
group_35278,2.71292577555997,6.09898048162493,6.9444372468277,0.00840802840818212,BRD3
group_35286,-6.14584451348232,4.72776504452295,13.0618344273735,0.000301374123443068,MYCPP|DEN4B
group_35287,2.84581600764462,7.85691607188128,11.0084419501572,0.000906978524215401,PRP4B
group_35298,-3.88307531919947,4.8147356771819,7.16311539266435,0.00744178347789714,ITB5
group_354,-2.23182907284192,5.54091931258638,10.7241062119179,0.00105748736982851,NEC1|PCSK5|PCSK6|FURIN
group_3635,2.21425812207156,6.97546809801721,7.04125753085202,0.00796530853903856,EIPR1
group_3636,-4.98331603591209,5.13644518241881,14.1775978259483,0.000166339176541949,F1711
group_3645,3.02397553093783,6.76350696401372,8.19617335713166,0.00419788360860785,SERB
group_3648,-2.00389514563426,7.68821560339369,11.7842488564809,0.000597339900805192,CTNB1|PLAK
group_3654,-3.98451126969424,4.91763011420256,13.0253236805307,0.000307306958208095,TGFA1
group_3668,-3.73578630970586,5.24408521234701,12.0342502812997,0.000522318385831789,IQEC3
group_367,2.41347809232635,6.31105854475039,7.1748583151193,0.00739322864259214,IPO4
group_3672,-4.62129283371647,4.75832549376815,9.85972524354831,0.0016893633368475,SHF
group_3676,2.57340942027023,6.70411916435585,11.8015942934856,0.000591800205922742,PKHG5
group_3682,2.78925359929522,7.25380233571133,8.52900522243646,0.00349530692414779,PMGT1
group_3695,3.58614471323779,8.15008904597935,13.4018270962812,0.000251379316912267,UBP2
group_3698,2.62914396426981,6.59443551037344,11.3172581657832,0.000767900173214744,INT3
group_37,1.63062367258542,7.03805542818992,8.8971428360287,0.00285617221194118,LIPA3|LIPA2|LIPA1|LIPA4
group_371,2.16617404391279,7.05543657908961,12.848743178451,0.000337705988467398,THOC1|UBP14
group_3712,2.5171311878843,7.65060166031815,8.60809166257366,0.00334672777484502,T2FA
group_3715,-3.51224285886811,4.87040915578993,6.739911931527,0.00942792792140476,MGAT1
group_3721,-4.93543657167862,4.72055440268589,10.2077200645487,0.00139853963290596,ABCG2
group_3730,-5.65845193585697,4.93500993512643,13.4564204654773,0.000244169160887879,GSH1
group_3733,2.38399253565679,7.94258211257444,10.6119578462707,0.00112358656949323,BTBD9
group_3740,-2.90640628413025,7.02196820068902,11.9848973908579,0.000536334451386058,S39AA
group_3754,-4.40506731560403,4.57382319460938,6.91249897948937,0.0085595279455502,GPC1
group_3759,2.40952557139487,6.0996716975432,8.55150046246157,0.00345237543917102,ZCHC8
group_3784,-3.54125929667123,5.249388317474,9.78358965585284,0.00176076230579442,RRBP1
group_3790,2.61676658000048,7.01454168614413,8.90688063307804,0.00284098143600082,AGFG2
group_3792,2.30277933054458,5.93313724372029,10.0508637633553,0.0015227652691364,MASP2
group_3793,2.8542893955408,7.09577474277611,11.6192371113634,0.000652731686533553,ZC3HD
group_3797,2.02588663767723,9.76219016870952,8.82232963082401,0.0029756652645562,CPLX1
group_3798,4.22710981181174,7.10387252879178,13.0080415812385,0.000310156147259395,ZFPL1
group_3799,2.25043821737125,5.58691608972841,11.4107368772442,0.00073020863030749,FSTL5|FSTL4
group_396,-1.59228309908108,7.98081767614741,10.6834114417677,0.00108100523514588,KIF5A|KINH|KIF5C
group_4,-1.78236220813506,5.4318213551047,7.58460710069422,0.00588687930732356,PCDGM|PCDGK|PCDC2|PCDGD|PCDGG|PCDA9|PCDA7|PCDB4|PCDBE|PCDBD|PCDG7|PCDGJ|PCDG4|PCDG5|PCDGF|PCDAD|PCDGI|PCDBG|PCDGL|PCDGB|PCDG1
group_401,2.43205828949663,6.01914416176806,8.63259810212022,0.00330200308747127,SMG1
group_4057,-2.87085499860989,5.88114604290046,8.14281343415686,0.00432321543229723,MMSA
group_4058,1.75146306612879,8.45654673590273,9.74947569096584,0.00179373868321263,ACTY|ACTZ
group_4070,-2.51402476166339,5.31063549154039,8.13095344822198,0.00435158575166566,S38A2
group_4079,2.94214762140095,5.91961385787413,7.84441251886523,0.00509780220627244,HDAC6
group_4083,3.70746183240617,8.39249990934819,12.5330260065021,0.000399821779834462,RNH|POL
group_4097,-4.06692716808332,4.90151344956636,6.63685958587518,0.00998898675705594,SASH1
group_4098,2.13063199274915,6.81310319811598,8.70868923950187,0.00316696838212888,SUGP1
group_4101,1.72225317972037,8.85527096152771,6.8745781246195,0.00874303932810287,DDX1
group_4104,-3.00239488875483,5.99071707070769,8.25653850120786,0.0040605479579347,CH034
group_412,1.56165294148064,6.9144391344277,9.75591299249995,0.00178746848636208,SYBU|BRD4|BRD3
group_4123,-3.16279263295959,5.29428100940402,8.67080817864862,0.00323347760552547,NRG3
group_4125,2.34567433591489,7.0111309034661,12.1716812491109,0.00048520552318193,SYEP
group_414,-2.85663742679387,5.32818583141986,12.0503100488854,0.000517837659386682,HYOU1
group_4143,3.03698871962238,7.55169697793919,12.9368272042778,0.00032218060652335,SNR40
group_4148,-4.5255131769387,5.05168039589455,10.1606574319946,0.00143469450689064,TDRD3
group_415,2.06005335852751,5.88243332659378,14.0682403397668,0.000176295660791056,EP300|CBP
group_4156,3.00530744448852,6.35414833861908,7.38061561893457,0.00659305981413548,GPTC4
group_4169,2.85395698696247,6.36611709013455,10.535714269564,0.00117089621479285,EDC4
group_4182,-5.55786953995497,5.73973498451004,10.0095225460194,0.00155732890432362,COPT1
group_4183,2.98250176840241,7.66025251858214,11.0697155663534,0.000877491418500391,AROS
group_4196,1.79831831995456,6.84866804212956,7.54170335463106,0.00602870223545873,ZNHI3
group_4200,-4.56658746288702,5.27262759248726,10.1815523340284,0.00141852706172125,FEZF2
group_4206,2.69351273867674,7.44110069210233,10.7881401161367,0.0010215246793101,ARFG1
group_4208,-2.05162204698574,5.95682230673706,9.34343758055035,0.0022378535949239,ZEP2
group_4227,-4.23137555287478,4.94312902083003,10.3217520036718,0.00131471425234162,NECT3
group_4230,-2.49126799759186,6.42841252195225,11.9705130289071,0.000540490583371981,ZNT9
group_4237,2.29898075685732,5.79353521664318,6.87434754556095,0.00874416740811928,NARF
group_448,1.81530840035105,6.61875224643213,6.89901356941829,0.00862433224061242,RBL2|AKTIP
group_449,-3.61470203953956,5.99957180085227,11.7784524897341,0.000599202763168019,AT7L3
group_451,1.9673458338262,7.61851900688954,8.76191271097718,0.00307586299158184,ARP21|R3HD1
group_4555,-2.50596337906997,5.27508962742978,7.76370874523043,0.00533063911401541,YTHD3
group_4556,2.74557272673474,10.4490312825349,13.4852879549164,0.00024044123662667,LORF2
group_4557,3.02671251890814,7.51038548261356,10.7554381440547,0.00103973349329461,TOM40
group_456,-3.35226036308485,4.99614615652882,7.60813547977331,0.00581055353462237,KCNT1|KCNT2
group_4562,-2.12958475802297,7.34246451390594,10.2271628378544,0.00138387368720404,CLH1
group_4582,-3.08964474311438,6.74514160914397,12.1877551810357,0.000481042366571283,SDS3
group_4585,-2.14971980266739,5.53661725505852,10.2943089951029,0.00133441114514206,ASAH1
group_4590,2.76514922034852,8.61431887183385,7.68190873891578,0.00557771410280887,RPAB1
group_4591,-3.8045469911296,5.12846111877424,14.2501924952249,0.000160044438306585,AMGO1
group_46,2.57456385469708,7.34612488220809,8.6854055500237,0.00320768195477787,DMD|DRP2|UTRO
group_4601,3.29745965835379,8.51273327372608,11.1357044327724,0.000846817651142709,FWCH1
group_4608,2.14192944356136,6.27513210026255,8.78983348388444,0.00302913897465257,DJC11
group_4628,4.22261126515027,8.97539366374986,12.3806620783208,0.000433803300163631,CAPON
group_4632,-2.44061370748402,5.58739941521637,11.1276286480888,0.000850512565544468,SPPL3
group_4647,-2.39373810656365,5.63176280615305,9.23093982629281,0.0023795947451977,ADNP
group_4648,2.87732299758297,7.16999642494158,10.8846242591658,0.0009696584924694,GPC4
group_4655,2.57987122220933,5.61905956070109,13.1927079849083,0.000281040505610878,NUP93
group_4656,-5.89713339089543,4.79739783277743,12.2941347506018,0.000454383972766936,ANLN
group_4659,3.52979658878898,6.78519499142875,7.76092895824508,0.00533884942803048,RBM34
group_4661,-2.91678889570103,4.7940378388186,7.58165862180011,0.00589651598714392,LIPL
group_4665,2.2159381079946,7.06260056740708,11.4396629102938,0.000718928322749398,ATE1
group_4674,-4.40918434981504,4.87207248027077,8.30744912915496,0.00394828046306878,GMCL1
group_4676,-2.58618881954548,5.80255192545513,10.17028719974,0.00142722041650645,EVL
group_4685,2.76538250918522,9.27957549657166,10.9313210464613,0.000945520519074099,FIS1
group_4688,2.59963896180661,8.08292934769041,9.35969787249772,0.0022180870594788,SEN34
group_4690,-4.09770557202267,4.99575783297617,10.1782821167919,0.00142104516574161,BCAR3|SH2D3
group_4694,-3.4617379478479,5.04582088687636,8.16867938962204,0.00426199268577494,CREB1
group_4696,-3.28088580843875,4.7713228151544,8.02539082815335,0.00461260713818572,MAG
group_4703,2.64366028905978,5.77156550944341,7.80468519092641,0.00521109437412292,FLNA
group_4708,-4.06062798547369,5.38722493683376,7.66016863676022,0.00564532278612114,DBR1
group_4714,-2.39246975177352,7.07981241657223,8.38473390382652,0.00378385602986165,CISY
group_4717,-2.90421565095264,5.2914681215918,7.26145445783244,0.00704502123786985,CRIM1
group_4728,2.68985928443609,7.91369522199055,13.2486898045409,0.000272770455392923,GNPTG
group_4733,1.73395020792995,5.93976607665912,8.63049930423186,0.0033058095307363,VEZA
group_4741,2.68345759719947,7.13542046941162,6.68911748921407,0.00970032128906928,BAP18
group_4754,3.04458015904782,7.84897061916451,13.6135475189477,0.000224559154066442,GET4
group_476,-4.4612118916715,5.05570587273251,9.00146740339433,0.00269762917682347,SEM4D
group_4768,-4.68185341927052,5.31623327078986,13.9529051386353,0.00018744775603677,GALK2
group_4777,1.63422823133474,6.60469369478476,6.74785466452807,0.00938604762527526,RNF6
group_4791,-5.44228836210293,5.02060367552548,13.7199811553299,0.000212185000163439,CK054
group_4794,-4.3236623652255,5.0863126596127,14.2089712400662,0.000163588731550647,SIA7D
group_481,-2.4419988545219,6.2170877401032,13.3262033044936,0.000261722904201495,MYO5A|MYO5B
group_506,1.70940754292871,5.90426648525671,8.5887539044654,0.00338245383797907,ACAP3|ACAP2
group_510,-2.72312671140716,6.54973282197432,14.2442842833164,0.000160547652009663,GLSK|GLSL
group_514,2.23904786993751,6.69028265878748,14.2561157969987,0.000159541533809,COG1
group_5146,-2.80292578142656,6.11201010153698,11.1783004744635,0.000827595449783263,HMDH
group_5156,-4.02249709258827,5.55730118292373,8.63598794522846,0.00329586457092396,AMPL
group_5160,-2.89062254546282,5.34765829625054,7.06700397217966,0.00785164412370409,B3GT1
group_5171,-1.6169540742119,5.71866833777644,7.26238707882552,0.00704136374535328,AGGF1
group_5176,-4.78684151030261,4.64516549069504,8.18834247764918,0.00421604265136699,TBCD5
group_5183,2.46289415068628,9.78474308807055,10.7649494172673,0.00103440391580691,SCG2
group_5208,-4.17964822270803,4.65302308120392,8.27368791642466,0.00402237198101245,PRAG1
group_5211,-2.98688288206715,5.72049901820498,7.73435680108514,0.00541798595458938,BRNP1|MK14
group_5220,-2.22316965754571,6.91496589983771,7.05256202090684,0.00791519611067458,POL
group_5223,-3.30069666807181,5.9239532104419,9.41237566736933,0.00215525805261448,AQP4
group_5226,-2.32210991964818,6.96157705623766,7.71389568879093,0.00547973701214087,SNPH
group_5227,-2.32210991964818,6.96157705623766,7.71389568879093,0.00547973701214087,SNPH
group_5228,2.15164827778358,9.39638383292107,10.8250211498081,0.00100137550364993,PRS8|PRS8A
group_5230,-3.36004811230194,6.99462928700505,12.7848968608002,0.000349429030642604,HMCS1
group_5240,-3.43548034055075,5.06629195002762,7.91881126693049,0.00489234068587199,ADAM9
group_5253,3.98294703656145,6.90912740539771,13.2759487994601,0.000268832796921661,PDD2L
group_5265,3.61077509211482,7.855166098686,14.5096708830072,0.000139441855293182,RM55
group_5266,-1.72188141937636,9.0239379244042,7.15377990540502,0.00748061648308496,SYPH|SYNPR
group_528,2.08079900493867,6.6927643344193,8.8978215189597,0.00285511081037149,MYPT2|MYPT1
group_5288,-2.45986995487961,5.65404391243662,9.71225568882475,0.00183043207327004,AN13C
group_5303,-5.55261611341317,5.09421899791184,12.4991386826889,0.000407139680475372,CNR1
group_5305,2.20964179267811,8.67319859720216,8.33465453120268,0.00388958737607854,PSD12
group_5313,1.95254798463872,7.48839366936298,7.71119037933285,0.00548795510074488,MFR1L
group_5319,2.83233078629721,6.73918783696126,8.30501352571775,0.00395357879853194,HOIL1
group_5328,-3.94798987196925,4.91816016091103,12.0242052477669,0.000525140856937658,SLAI1
group_5341,2.84707884361413,8.78377588755193,14.7550477991791,0.00012241934838573,FKBP8
group_5345,-2.75744358590557,8.04112999830851,7.47778807024765,0.00624647622108756,44444
group_5369,-6.05257303672805,4.76153848198958,13.9621880420992,0.000186524447021728,CCD80
group_537,-2.01639302285939,6.43183377750376,8.8634125936583,0.00290943145025238,ARHG4|ARHG9|SPT13
group_538,-2.92330426567227,4.86863022296177,8.78248394338138,0.00304136769230238,SL9A1|SL9A4
group_5384,3.53900030400902,8.61000204482749,13.3518353701708,0.000258169832728154,SYNE1
group_5388,-2.70006933140106,6.18653703489784,10.2980153851349,0.00133173357805221,OCAD2
group_5389,-4.56692508706463,4.71299025732633,7.94996647971353,0.00480882672123526,POGK
group_5408,-1.97718984585988,6.28957107861079,10.6005530294755,0.00113053839636347,FBX11|MSH6
group_545,2.11161619359623,7.48179159346024,11.8029378227178,0.000591373287413854,UBP2L
group_550,-1.78420484408354,6.62117873906164,7.99223829371143,0.00469783020193878,PARP6|PARP8
group_583,-2.84402910511671,5.31178035743661,10.063942407239,0.00151199334039508,PHTF1|PHTF2
group_584,-2.31938442694778,5.38673431209711,8.70920982306862,0.00316606412222765,NAC2|NAC1|NAC3
group_586,1.85116306542347,7.01335534199848,8.4114172792482,0.00372871865009202,MYCB2
group_587,2.13261031380101,7.6554999877805,10.9924109031451,0.000914857256582242,NFIB|NFIX
group_5920,-3.1721107551017,5.11406962362723,8.11250770920697,0.0043960870249664,TBL1X
group_593,2.47228419054378,6.52007087453747,10.8965150898895,0.000963453509703953,NRP1|NRP2
group_5936,-1.86485534632604,7.65377457134081,8.39542555227277,0.00376166437495374,SDHB
group_594,-2.16375316284111,6.46505996168626,8.77246592990131,0.00305811723632698,AGAP2|AGAP3|AGAP1
group_5942,-3.92235324683167,5.23018751791078,12.8033696455334,0.00034599560159215,MTCL1
group_5945,-2.99514541565693,6.04756707410583,12.1941346524094,0.000479400090220036,TTC33
group_5953,-3.52496827175841,7.14998281386397,8.68266385646846,0.00321251091990253,HBA
group_5961,-4.07688423241031,5.32544729128777,13.792618897853,0.000204136652917639,SOCS7
group_5966,-4.37383707176817,4.44799459641644,7.00867152083314,0.00811158484476539,SH3B4
group_5968,2.08473138157347,8.54720644535642,10.5986383962292,0.00113170972312868,SF3B1
group_5974,-2.89206187063023,7.50929012380563,11.3170719044288,0.00076797720550945,SYUB
group_6006,2.68293128921489,7.70525666056218,11.4579270050963,0.000711896694539395,PIP30
group_6010,-3.46324685469782,5.40722753948695,6.80003969758349,0.00911558457129392,SNX7
group_6024,-4.83428033361999,4.80304633502118,7.9747645797945,0.00474339244171246,HERC2|CUL7
group_6026,-3.21648624800934,6.36937470127119,11.9344849697012,0.000551043593948108,PTPM1
group_6033,-3.33384639036257,5.36023348830745,7.92690633930978,0.0048705001494998,PKHA3
group_6039,-3.56974004366125,5.59048881989692,7.5344957800468,0.00605286747268706,BRDT
group_6046,-5.60782054911335,4.9904017685962,13.6000214632548,0.000226182939855284,CDV3
group_6048,2.6205652784553,9.74223843196493,13.6827091119314,0.000216438140129951,CPLX2
group_6059,-1.71593948968933,5.52234142844626,8.25874015044543,0.00405562635387692,SATT
group_6066,2.05630827253924,5.43838158372267,7.83824444515093,0.00511522597815821,LICH
group_608,-3.29920895754891,6.34221605141849,12.4031495351636,0.000428610329102577,LGI2|LGI1|LGI3|LGI4
group_6089,-3.68641129256549,5.3655382464127,8.91440259400443,0.00282930350964397,BMPR2
group_6100,-2.99382503987928,6.1463767494045,13.118599973111,0.000292378444059502,GTDC1
group_6108,-3.59681570980599,4.98457275833973,9.90496979448414,0.00164833034269228,PKNX2
group_6110,-4.73943994489358,5.94142105818123,7.90834437490563,0.00492072840018102,GOG7B
group_6116,-2.68798160948411,5.3459791937947,7.5363243423692,0.0060467274086151,CBPD
group_6120,-2.10739702104153,5.77873891478017,7.03431390005765,0.00799625017052885,PACR
group_6122,-2.59501259250921,6.62590221301148,8.2849188198062,0.00399756918115388,DCAF6
group_6133,-4.65924184308053,4.91488223680781,10.4811641209386,0.00120597743637934,LFG3
group_615,1.59135781744768,5.60679187628217,7.71341178147685,0.00548120608575183,UBR4
group_6170,-3.1304070153805,5.32335675983056,6.65077468645132,0.00991127222810578,MCCB
group_6178,-6.2676017998695,5.05773501369483,12.2504275790312,0.000465151558733406,ANXA3
group_6181,-3.30104928815257,6.2192855140765,13.3754247691484,0.000254942882575425,NOL4
group_6185,2.71791837702394,8.51716918311961,10.4375483346024,0.0012347906325274,EIF3G
group_6186,-2.07705636827541,5.88328833349936,10.3162445059309,0.00131864344922844,UB2J2
group_6187,-2.69544286944479,5.78221050393121,7.9384222590786,0.00483960119589739,CLYBL
group_6195,-2.37875283983156,5.72223538556618,7.92088684935264,0.00488673126209298,NPC2
group_6196,-2.56180873921154,5.42128930173006,9.32084701520996,0.00226561237780402,44443
group_620,3.47816663580974,7.25236894193557,7.9269610001246,0.00487035301253956,KIRR3
group_6210,-4.65420233310353,4.51411080000002,7.45207147193584,0.00633634850423302,TT39B
group_6218,1.87519530046163,11.48555469826,11.4758811236337,0.000705052123576483,COX41
group_63,-1.86303762488937,6.73391122428686,7.89231230752453,0.00496453545294471,RPGF5|RPGF4
group_64,1.86452920777975,6.64242092302484,9.34851694651636,0.00223165983768587,MTREX|SKIV2
group_659,1.88149924098621,7.51663660667099,12.0277567744344,0.000524141187625354,AP3B2|AP3B1
group_6792,2.1750717818859,8.07286072483526,6.67321299118901,0.0097872591382022,ZNT3
group_6802,-5.75238933973717,6.48496110813413,13.9584293647185,0.000186897744590601,RS15
group_6809,-2.9799296683694,5.35545208370736,8.20550618275306,0.00417634563541672,GGH
group_6810,-2.13279115866185,7.66349524118977,7.62602837442698,0.00575318550465149,TIP
group_6821,-2.74162238347848,5.10163549827816,8.38935405539245,0.00377425012032345,MAN1
group_6826,-3.63855737028732,6.25895759636224,12.36483022219,0.000437497347863511,MEGF9
group_6828,-4.18237113410054,5.73335862446273,13.1823683145143,0.000282595389405026,RN103
group_6849,-3.70896284774778,5.13260905149873,8.05606176023005,0.0045351657049279,SCRN3
group_6852,-3.38196818976131,4.92554764789587,9.58552545207745,0.00196117304552927,TAD2B
group_6855,2.21423364895595,8.37256375078749,7.73953493439009,0.00540247129598554,RBM42
group_6882,-2.79257738485404,5.78426314002012,8.87644600755531,0.00288873344609235,RMD3
group_689,-2.52192836555957,5.7770648951269,11.8249718357474,0.000584415984152308,EP15R|EPS15
group_6893,-2.18805503572886,8.66349819490778,8.93363828912755,0.00279966110935136,NPTN
group_6912,-3.26108838930193,5.49210820138389,10.9264259882023,0.000948022048585996,GID4
group_6922,-3.42880533923688,6.80010800841618,6.96890021951982,0.00829384556142507,5NT3A
group_6934,-3.32207665342178,5.42841893334939,14.9308150054518,0.000111526362023402,P52K
group_6939,-3.69529230388925,6.93292799203036,12.6708211336063,0.000371406383406532,GDN
group_6942,-1.87847734876015,6.10685261073416,8.74512239775164,0.00310431264574741,PURA2|PURA1
group_6951,3.27216510479628,7.72148784009829,13.5069349897299,0.0002376834335472,TROP
group_6956,-2.19232707494891,5.00572085332929,7.06743259173514,0.0078497659712388,KIF3B
group_6962,-5.08958670299321,6.61921875205431,10.1892257773399,0.00141263614696321,OSBL1
group_6963,-4.85420775743013,5.79206911629516,10.2808438574943,0.00134418456352379,BDH
group_6975,-4.6472249822636,4.62994448169688,7.36204755076003,0.0066614890306119,OAF
group_6980,-2.67486794866717,6.94141066149462,9.30233871846967,0.00228861512817657,NDUS1
group_6983,-2.70986318825788,5.60151816900095,13.9818025452485,0.000184588560260732,CHSTA
group_6987,2.12032622863965,9.12427170981764,8.26524921190432,0.00404111135925677,PSMD6
group_6988,-2.68469445104241,5.80411154906119,7.63798165809896,0.00571518319562015,SG196
group_7025,-3.90810999533597,5.40427288162765,8.24219520171712,0.0040927603346827,F217B
group_7034,2.4878849357948,6.56890833520986,8.09321619410159,0.00444312463450772,KNOP1
group_7036,3.11065299540641,7.41832873775839,7.28773615600906,0.00694269077670499,ATGA1
group_7053,-1.5277629836315,9.1054621183618,10.1475939612425,0.00144489703835365,GPM6B
group_7054,-2.33956450493317,6.54873787342015,7.54585417930969,0.006014830227116,LRP11
group_7060,-3.71065449920947,5.52805507298611,13.8476527916743,0.000198244205946267,F117B
group_7082,3.48915539025662,8.1612852473695,9.49142058642921,0.00206434921510892,SIM29
group_7104,2.22502924718378,8.71497388413203,8.60130155328821,0.00335922844185859,GLO2
group_7122,-2.95772118006567,8.84285824402081,10.8999420398208,0.000961672691160585,KCC2A
group_7123,-1.5922682426998,5.73891320907057,8.28596909810191,0.00399525767382285,DCAF5
group_7127,-2.06455629534258,5.46339856684642,6.89174404909026,0.00865947408861317,HERP2
group_7129,-2.60225626937505,6.21231343564496,8.62128638372093,0.00332257119035746,S22AH
group_7134,-2.05043726601761,7.08279430544885,6.6513364728381,0.00990814774902077,PDP1
group_7136,-2.46097766178874,4.92466539117576,8.25284079076543,0.00406882756237523,G6PD1
group_7144,-2.67535743711139,6.46419991888035,9.37328556910392,0.00220170529651053,B3GL1
group_7153,-5.12903777360258,4.6956587086026,7.40865509235903,0.00649108296565169,CTL2A|CTL2B
group_7158,-3.08134715719763,6.63984002484755,8.63627700089776,0.00329534166980497,PUR6
group_7166,-4.91915710073325,4.81172264568486,9.47817955057217,0.00207930195429177,OXND1
group_7169,1.6179835425117,6.77785720394582,6.84819837879433,0.00887307048115239,NOP58
group_7189,2.37755310134523,8.14200200310257,6.81911800252202,0.00901870979719627,RU17
group_7203,-2.14051456834249,5.93122658437265,9.43093685617432,0.0021335526669848,VAPB
group_729,-1.94344470813617,5.30034054041007,6.69966377176942,0.00964310941485429,KCTD3|SHKB1
group_730,-2.60627952758987,5.35779836011566,8.32114184607891,0.00391862793459841,ARNT2|ARNT
group_736,-2.94551095848529,6.19057235756679,11.9495259628206,0.000546612860502258,DPP8|DPP9
group_737,2.41598425586495,7.0923998617287,11.2283191814767,0.000805585698037834,ANC2
group_740,-3.83211445108213,4.94458409725095,11.7497216732966,0.000608523372732085,M3K5
group_769,2.09922835209731,7.02498946168572,9.34557012702461,0.00223525105594775,KMT2E
group_779,2.41997505553686,6.71899986083453,10.7805158639272,0.00102574090670887,SIN3A|SIN3B
group_786,1.80541743062019,8.47142562128726,9.91305135520663,0.0016411080311617,DC1I2|DC1I1
group_788,2.53032832181927,6.50613367502399,8.43896357140481,0.00367265506195482,SYVN1|RM49
group_7990,-2.93673856255568,5.47313704716941,11.1512828191059,0.00083973584103775,TPM4
group_7996,-1.84936219156146,8.99222710846432,11.0655900362591,0.000879445991455181,RTN4
group_8000,-4.16536492604508,5.06189205315748,8.74899343941643,0.00309772989360732,CFAH
group_8007,-2.71364363918742,6.85457115076278,9.69465141454844,0.0018480513710541,CADM3
group_8025,-3.89805784601568,5.45057753487876,13.8930953561303,0.00019350804792294,ASND1
group_8033,-5.06608328771523,5.05300925517865,9.21161419450863,0.00240484556524671,FAXC
group_804,2.24615404887146,6.94295551380953,8.20180818066331,0.00418486627162353,HGS
group_8053,2.49434027172704,5.68545903646106,10.9130766707736,0.000954878033491191,ACHB2
group_8055,2.40897904449375,7.4067645042775,6.88424496331964,0.0086958792811542,RUVB1
group_8068,-2.69168797545304,5.5213637303511,10.4237661191108,0.00124403944288633,PPM1K
group_8086,-4.56760123411458,5.21358853347354,13.039797658443,0.000304941040625965,DUS8
group_8092,-5.13423968140364,5.09195172948745,9.42603407122929,0.00213926432863258,NEUFC
group_8099,-2.01273897123307,6.48663650452696,6.78141691935533,0.00921117415639178,MARH6
group_81,1.65371817236679,5.97972154343892,7.44685754303463,0.00635473005470835,SYNE1|SYNE2
group_811,2.79112724816005,6.9615658696357,11.2490003292199,0.000796659103502923,IF2M
group_8112,-3.4504973746949,6.89877773346427,14.156762585144,0.000168191449804283,GUAD
group_8113,2.71673442490705,7.33006280978345,7.39540507945842,0.0065390697430777,AUP1
group_8131,-4.10541665944103,6.85148929300093,14.1786214573222,0.000166248706018342,MLC1
group_8138,1.94580054889658,8.08648151095643,7.38959656246797,0.00656022014790935,SSRD
group_8149,-4.85848129196324,5.81379192760165,12.2083898634239,0.000475750769875588,ODBB
group_8156,-4.96920882767563,6.19100420667955,9.81702187591893,0.00172904090490397,S2551
group_8158,-4.38043897838767,4.64492685867301,6.92621680457677,0.00849411795220778,FBLN3
group_8170,2.61229596047046,7.24834108753228,9.47997194325963,0.00207727144441994,CSDC2
group_8181,-4.9002701398818,5.10108611623431,8.70161467638618,0.00317928303206099,MRS2
group_8188,-4.00404622250129,5.35779922673482,12.7711386282522,0.000352008501800598,K0513
group_8195,1.72495704984016,6.72635852960186,6.85383162706432,0.00884513779591051,NCBP1
group_8210,2.50375170657071,6.97024263327244,14.7918710637731,0.000120051890040193,PININ
group_8211,-3.15978373347884,6.44523316146013,11.3803682296671,0.000742244016431913,IF1A
group_8213,1.8702358826952,8.46740185952378,8.84839811862391,0.00293346232664923,EIF3C
group_8237,-4.26179807678954,5.38664167425923,13.9684363222309,0.000185905552798404,MIPEP
group_8238,3.16114746507089,8.93225388736001,14.9473604684431,0.00011055261377859,WDR61
group_8246,2.3450203812596,8.23516484347497,10.6705994579296,0.00108851835543059,CLPP
group_8258,-4.11741480150948,4.93410860068647,7.93963923457228,0.0048363475555651,F124A
group_8266,-2.62350987367086,6.13433670014325,13.0309113081477,0.000306391418711848,MKKS
group_8273,-2.93217999950999,5.59717270908586,8.00483276810538,0.00466526709144469,OPRX
group_8295,-2.13309954088403,6.38248692741567,7.08008630417421,0.00779452561020492,NEGR1
group_8302,-4.21104478277639,5.19894982134617,11.9553767357097,0.000544899088021629,KT222
group_8305,-2.47466801256983,6.21042767810773,11.3006294015014,0.000774808209039155,DIRA2|DIRA1
group_8306,-4.55957912945582,4.90114375951101,11.5862683204241,0.000664406036357587,ADNP2
group_8309,2.63852077697961,6.81783161591293,8.03702961407152,0.00458306289280655,BFAR
group_8323,-3.78004319650718,5.45389405396201,11.5250378257806,0.000686650538045095,PGCB
group_8335,-2.69868043812688,6.11595264961767,7.05869550095491,0.00788814163809888,GFRA2
group_8352,-3.59388909615185,5.51528237334947,12.0893599680828,0.000507103788885461,MEPCE
group_838,-4.88660243775873,4.81187874547615,11.5794745811146,0.00066683780636263,RHG07|STA13
group_8385,-4.45622325116101,6.04089292250687,11.126587505692,0.000850990103869512,ASB13
group_8392,-4.29778353456723,4.7908584938165,7.37356722534634,0.00661895045973552,SIAT2
group_8396,-1.75932816618625,8.16061392079262,8.14188457043679,0.00432543055910895,TSYL4
group_84,3.56206871883207,8.74579450157393,9.54518770640778,0.00200474323600541,DOCK4|DOCK3|DOCK1|DOCK2
group_8401,3.24173385154955,5.89824232881773,10.4097751673103,0.00125350004658697,TM10B
group_8415,-1.81967321698621,6.29917774621779,7.44508559055316,0.0063609894054398,AMFR
group_8418,-3.46372259234603,7.24183091238114,14.1275716388008,0.00017082154910891,CSPG5
group_8419,-3.92012604930395,5.16790378547065,9.98545159383491,0.0015778185477686,RN168
group_8423,-3.69870458264964,5.67898305943371,14.2858071238522,0.000157044538341568,LRRT2
group_8427,2.34263550276684,8.51144492549837,7.56486861915999,0.00595169928759269,TALDO
group_8436,-1.60490115413298,10.0751265560434,8.11461462601246,0.00439098063121661,GPM6A
group_8455,2.99378503139645,7.91406640632249,12.8285340765213,0.000341373105803998,MCTS2|MCTS1
group_8468,-6.00520414686371,5.10490660552277,13.95424719571,0.0001873139863435,SIA8E
group_8469,-3.09600644997979,5.79157623116544,9.12651371902847,0.00251931345810554,GFAP
group_8472,2.88523582578704,7.99093205751672,14.0198022453905,0.000180895505677034,S39A6
group_8503,3.23619741865915,7.50085084970974,7.79572853162556,0.00523698902948701,CCNL1|CCNL2
group_8505,-2.87739257823958,8.46723414501044,14.5881099825236,0.000133755835506567,NRSN1
group_8508,-2.22642344515366,5.61175932638228,6.99127625208775,0.00819079298679477,HMGB3
group_8515,2.77715533907861,6.89100816578939,11.0461345400281,0.000888723003915233,BCL7B
group_8517,-3.25901421886481,4.87070968439732,6.65064300199857,0.00991200476166473,ZN700|ZN791|ZN709
group_859,-1.64782678918155,5.80107919005112,7.28618277883994,0.00694869657410987,CHD5|CHD3|CHD4
group_871,-2.24597853427423,8.183048162897,11.0665418336884,0.000878994663446963,VGLU1
group_89,1.69899388702839,5.80031468275506,7.5352784189396,0.00605023869913695,SETB1|CERS2
group_897,2.3150438960117,6.7227652524809,8.87341002876869,0.00289354140003506,RBM6
group_900,-1.90759257187244,5.99028909503003,7.44019359893701,0.0063783028613445,DISP2|DISP1
group_904,-2.96137437271505,6.59037893623479,8.55845535094406,0.00343921103460444,SYT16
group_941,-2.26014297802513,6.50742000686264,11.3335802661693,0.000761180055540122,CSTN3|CSTN1|CSTN2
group_946,-2.4039659419706,5.56782640385167,8.38202531843908,0.00378949909834804,ASTN1|ASTN2
group_954,-2.32337172820943,5.25796828932426,7.31008626500586,0.00685686351712836,FNBP1|FBP1L
group_955,-2.09288038397362,7.07994724048572,7.95881304579403,0.00478537860126981,APBB1|APBB2
group_96,1.76547976673809,7.22598182648602,6.98214503714942,0.00823268756491606,AGRB3|AGRB1|AGRB2
group_961,-1.71719163615999,6.93385277934643,7.71216554050757,0.00548499134479638,HNRL1|HNRPU
group_9632,-2.80854809641175,5.43632304878953,9.51594358018425,0.0020369434050395,KCIP1
group_9635,-2.58981800882799,5.62787950055558,7.73035497212316,0.00543000729843796,ASM3A
group_9638,-3.48772607812805,5.60340914378203,11.4647627429258,0.000709282857490162,NETR
group_9642,-3.42604875099985,5.37107151476003,12.8899094512043,0.000330358413919094,KBTB7
group_9652,-4.10099228898836,4.92571601161839,7.12900132560883,0.00758469606344469,CMS1
group_966,-2.04837912133253,7.05467759662031,8.39468598299347,0.0037631951590499,SCMC3|SCMC2
group_9664,-4.51021630012809,4.98308773543062,10.6486230384404,0.00110152884980677,VCAM1
group_9704,-2.29580725145215,5.43550128997612,7.15023247909626,0.00749542703257693,CCSAP
group_9708,2.04068667848019,9.35764221947333,9.14016237263289,0.00250058909684141,PMM1
group_9711,2.93504955791381,9.0634048545787,13.4028067193064,0.000251248065805335,RN112
group_9712,2.25332751854532,7.37307236880726,10.0921836751547,0.00148899552579571,SPF45
group_9725,-4.38050301280828,4.61952301670109,8.70949981016273,0.00316556052494799,PAMR1
group_9732,2.4227817310541,9.16267682312402,14.0028253871881,0.000182536138249256,RM18
group_9735,-4.57137479152004,5.00415252200892,11.6013321720324,0.000659045938989349,OCTC
group_9741,-4.12298239469568,4.77753954610931,7.35583736652498,0.00668453701902945,SRGN
group_9752,-5.59783092507609,5.3145853851999,12.0597062208476,0.000515234109005863,EDNRB
group_9754,1.78153332599008,8.79081133953238,8.81536346951055,0.00298704703392118,RBM3
group_976,2.95691420947405,7.5203262353419,9.60374958805505,0.00194180456612017,S39A7
group_9774,2.43379781265658,6.09792778321674,7.14118081771142,0.0075333537962944,JUNB
group_9787,1.73539001835047,9.89728509676416,7.31731124563374,0.00682935108229974,PSA3
group_9793,-2.341181484626,7.05510312782796,10.4280153482718,0.00124118046808973,SCN1B
group_98,2.73872155473243,6.62966470743664,10.4565423372764,0.0012221582653792,MTMR5|MTMRD
group_9804,-2.25258917790446,8.08360901403505,7.85552947269471,0.0050665512704354,DEND
group_9805,-6.00100397407972,4.67357179587974,13.2413611995453,0.000273838979981336,5HT2C
group_9806,-1.51035004964305,9.73242820691331,7.37803891606617,0.00660251272373516,ATPG
group_9808,-4.13205337916459,4.67583465822439,8.276407132475,0.00401635241977601,KAISO
group_9811,1.45942441658839,9.98602295638289,9.58118427947497,0.00196581562527019,TCP4
group_9828,-6.28146740786768,5.04088907874445,10.7302313561881,0.00105399267761474,MOG|BT2A2
group_9835,3.02857780143238,7.50146967135954,6.98100174300747,0.00823794848856566,CCNL2
group_9838,-2.36630423533813,5.7916841682914,7.0185147879669,0.00806711176147322,KCTD1
group_9848,3.0285736243682,6.98684000619495,9.1536097020088,0.0024822790508901,FCL
group_9856,2.12011698147486,8.36294185653315,7.17148767420368,0.00740713240205445,CDC37
group_9859,-3.13267925604172,8.17227623193714,14.1636885012717,0.000167573435465659,RL12
group_9870,2.38226657062417,8.24014428750401,8.11601715328412,0.00438758476773708,SSRB
group_9879,-4.55781274959664,5.64366463638584,15.0557262404185,0.000104383093603145,PP4R2
group_9881,3.52791449496314,8.19729929585585,9.87942928196493,0.00167136772031526,PDGFA
group_9884,-4.01805960123576,4.94951566186579,7.7982461127148,0.0052296972106163,LCLT1
group_9893,-3.97733419367796,4.65443094533503,7.08906858501223,0.00775555441155786,FXYD5
group_99,-3.07170337119958,5.41512760831335,12.6047214248941,0.000384773584009322,ARAP2
group_9900,3.93021351999958,6.70916449590374,13.5268776045428,0.000235170987747603,F102A
group_9913,-2.13998595396674,6.67871032157257,9.23060078065475,0.00238003541465683,ASGL1
group_9917,2.35938000755361,8.22923766469947,9.80189009024101,0.00174332598774491,IF2P
group_9941,-5.13114604901939,5.29999092195404,10.2991722390577,0.00133089895879665,FUZZY
group_9947,-3.29851924545214,7.30004645677187,10.0099723508872,0.00155694859793867,GOGA7
group_9957,2.19562006603226,7.76327480289079,8.23386415182937,0.0041115895886746,RT07
group_9962,2.06876398019206,7.95641523737511,6.95846965966611,0.00834233574417403,PGAM5
group_9981,-5.22530377462175,4.69479225311871,9.26395684962144,0.00233707552369484,BEGIN
group_9982,-2.90685651747611,5.32502040831228,7.75421802995468,0.00535872384056935,NSDHL
group_9984,2.65674986897841,8.45296980184244,6.87741886243065,0.00872915358011195,GRPE1
group_9992,-4.36013720523851,4.69875246227102,7.08713487608997,0.00776392728417908,DHC24
group_9993,-2.4320554197269,6.68871020116751,11.0310525248653,0.000895982620417932,RTN1
group_9996,1.41315900257737,10.7335153522509,6.72200709644761,0.00952303976318344,MYL6
group_9998,-2.7842825593629,4.89085525475117,8.41752246135631,0.00371621846026515,PRUN1
